"","UPRN","UDPRN","CHANGE_TYPE","STATE","STATE_DATE","CLASS","PARENT_UPRN","X_COORDINATE","Y_COORDINATE","LATITUDE","LONGITUDE","RPC","LOCAL_CUSTODIAN_CODE","COUNTRY","LA_START_DATE","LAST_UPDATE_DATE","ENTRY_DATE","RM_ORGANISATION_NAME","LA_ORGANISATION","DEPARTMENT_NAME","LEGAL_NAME","SUB_BUILDING_NAME","BUILDING_NAME","BUILDING_NUMBER","SAO_START_NUMBER","SAO_START_SUFFIX","SAO_END_NUMBER","SAO_END_SUFFIX","SAO_TEXT","ALT_LANGUAGE_SAO_TEXT","PAO_START_NUMBER","PAO_START_SUFFIX","PAO_END_NUMBER","PAO_END_SUFFIX","PAO_TEXT","ALT_LANGUAGE_PAO_TEXT","USRN","USRN_MATCH_INDICATOR","AREA_NAME","LEVEL","OFFICIAL_FLAG","OS_ADDRESS_TOID","OS_ADDRESS_TOID_VERSION","OS_ROADLINK_TOID","OS_ROADLINK_TOID_VERSION","OS_TOPO_TOID","OS_TOPO_TOID_VERSION","VOA_CT_RECORD","VOA_NDR_RECORD","STREET_DESCRIPTION","ALT_LANGUAGE_STREET_DESCRIPTION","DEPENDENT_THOROUGHFARE","THOROUGHFARE","WELSH_DEPENDENT_THOROUGHFARE","WELSH_THOROUGHFARE","DOUBLE_DEPENDENT_LOCALITY","DEPENDENT_LOCALITY","LOCALITY","WELSH_DEPENDENT_LOCALITY","WELSH_DOUBLE_DEPENDENT_LOCALITY","TOWN_NAME","ADMINISTRATIVE_AREA","POST_TOWN","WELSH_POST_TOWN","POSTCODE","POSTCODE_LOCATOR","POSTCODE_TYPE","DELIVERY_POINT_SUFFIX","ADDRESSBASE_POSTAL","PO_BOX_NUMBER","WARD_CODE","PARISH_CODE","RM_START_DATE","MULTI_OCC_COUNT","VOA_NDR_P_DESC_CODE","VOA_NDR_SCAT_CODE","ALT_LANGUAGE"
"1",100031583479,16341543,"I",2,2002-03-15,"RD",NA,458341,342750,52.9789504,-1.1325557,1,3060,"E",2007-11-26,2015-08-23,2002-03-15,NA,NA,NA,NA,NA,NA,134,NA,NA,NA,NA,NA,NA,134,NA,NA,NA,NA,NA,29015321,1,NA,NA,"N","osgb1000002308484275",12,"osgb4000000015571559",7,"osgb1000023141696",4,89171037,NA,"QUERNEBY ROAD",NA,NA,"QUERNEBY ROAD",NA,NA,NA,NA,NA,NA,NA,"NOTTINGHAM","NOTTINGHAM CITY","NOTTINGHAM",NA,"NG3 5HS","NG3 5HS","S","1T","D",NA,"E05001836",NA,2012-03-19,0,NA,NA,NA
"2",100031583480,16341544,"I",2,2002-03-15,"RD",NA,458341,342750,52.9789504,-1.1325557,1,3060,"E",2007-11-26,2015-08-23,2002-03-15,NA,NA,NA,NA,NA,NA,136,NA,NA,NA,NA,NA,NA,136,NA,NA,NA,NA,NA,29015321,1,NA,NA,"N","osgb1000002308484276",12,"osgb4000000015571559",7,"osgb1000023141696",4,89172037,NA,"QUERNEBY ROAD",NA,NA,"QUERNEBY ROAD",NA,NA,NA,NA,NA,NA,NA,"NOTTINGHAM","NOTTINGHAM CITY","NOTTINGHAM",NA,"NG3 5HS","NG3 5HS","S","1U","D",NA,"E05001836",NA,2012-03-19,0,NA,NA,NA
"3",100031583487,16341551,"I",2,2002-03-15,"RD",NA,458343,342791,52.9793187,-1.1325186,1,3060,"E",2007-11-26,2015-08-23,2002-03-15,NA,NA,NA,NA,NA,NA,150,NA,NA,NA,NA,NA,NA,150,NA,NA,NA,NA,NA,29015321,1,NA,NA,"N","osgb1000002308484284",10,"osgb4000000015572281",5,"osgb1000023141701",4,89179037,NA,"QUERNEBY ROAD",NA,NA,"QUERNEBY ROAD",NA,NA,NA,NA,NA,NA,NA,"NOTTINGHAM","NOTTINGHAM CITY","NOTTINGHAM",NA,"NG3 5HS","NG3 5HS","S","2D","D",NA,"E05001836",NA,2012-03-19,0,NA,NA,NA
"4",100031583489,16341552,"I",2,2002-03-15,"RD",NA,458343,342791,52.9793187,-1.1325186,1,3060,"E",2007-11-26,2015-08-23,2002-03-15,NA,NA,NA,NA,NA,NA,152,NA,NA,NA,NA,NA,NA,152,NA,NA,NA,NA,NA,29015321,1,NA,NA,"N","osgb1000002308484283",10,"osgb4000000015572281",5,"osgb1000023141701",4,89180037,NA,"QUERNEBY ROAD",NA,NA,"QUERNEBY ROAD",NA,NA,NA,NA,NA,NA,NA,"NOTTINGHAM","NOTTINGHAM CITY","NOTTINGHAM",NA,"NG3 5HS","NG3 5HS","S","2E","D",NA,"E05001836",NA,2012-03-19,0,NA,NA,NA
"5",100031583491,16341553,"I",2,2002-03-15,"RD",NA,458346,342798,52.9793813,-1.1324726,1,3060,"E",2007-11-26,2015-08-23,2002-03-15,NA,NA,NA,NA,NA,NA,154,NA,NA,NA,NA,NA,NA,154,NA,NA,NA,NA,NA,29015321,1,NA,NA,"N","osgb1000002308484285",10,"osgb4000000015572281",5,"osgb1000023141702",4,89181037,NA,"QUERNEBY ROAD",NA,NA,"QUERNEBY ROAD",NA,NA,NA,NA,NA,NA,NA,"NOTTINGHAM","NOTTINGHAM CITY","NOTTINGHAM",NA,"NG3 5HS","NG3 5HS","S","2F","D",NA,"E05001836",NA,2012-03-19,0,NA,NA,NA
"6",100031583492,16341554,"I",2,2002-03-15,"RD",NA,458347,342804,52.9794351,-1.1324567,1,3060,"E",2007-11-26,2015-08-23,2002-03-15,NA,NA,NA,NA,NA,NA,156,NA,NA,NA,NA,NA,NA,156,NA,NA,NA,NA,NA,29015321,1,NA,NA,"N","osgb1000002308484286",11,"osgb4000000015572281",5,"osgb1000023141703",5,298357037,NA,"QUERNEBY ROAD",NA,NA,"QUERNEBY ROAD",NA,NA,NA,NA,NA,NA,NA,"NOTTINGHAM","NOTTINGHAM CITY","NOTTINGHAM",NA,"NG3 5HS","NG3 5HS","S","2J","D",NA,"E05001836",NA,2012-03-19,0,NA,NA,NA
"7",100031583493,16341555,"I",2,2002-03-15,"RD",NA,458349,342807,52.9794619,-1.1324263,1,3060,"E",2007-11-26,2015-08-23,2002-03-15,NA,NA,NA,NA,NA,NA,158,NA,NA,NA,NA,NA,NA,158,NA,NA,NA,NA,NA,29015321,1,NA,NA,"N","osgb1000002308484287",11,"osgb4000000015572281",5,"osgb1000023141704",5,298358037,NA,"QUERNEBY ROAD",NA,NA,"QUERNEBY ROAD",NA,NA,NA,NA,NA,NA,NA,"NOTTINGHAM","NOTTINGHAM CITY","NOTTINGHAM",NA,"NG3 5HS","NG3 5HS","S","2L","D",NA,"E05001836",NA,2012-03-19,0,NA,NA,NA
"8",100031583494,16341556,"I",2,2002-03-15,"RD",NA,458353,342811,52.9794974,-1.132366,1,3060,"E",2007-11-26,2015-08-23,2002-03-15,NA,NA,NA,NA,NA,NA,160,NA,NA,NA,NA,NA,NA,160,NA,NA,NA,NA,NA,29015321,1,NA,NA,"N","osgb1000002308484288",10,"osgb4000000015572281",5,"osgb1000023141705",4,298359037,NA,"QUERNEBY ROAD",NA,NA,"QUERNEBY ROAD",NA,NA,NA,NA,NA,NA,NA,"NOTTINGHAM","NOTTINGHAM CITY","NOTTINGHAM",NA,"NG3 5HS","NG3 5HS","S","2N","D",NA,"E05001836",NA,2012-03-19,0,NA,NA,NA
"9",100031583495,16341557,"I",2,2002-03-15,"RD",NA,458356,342815,52.979533,-1.1323207,1,3060,"E",2007-11-26,2015-08-23,2002-03-15,NA,NA,NA,NA,NA,NA,162,NA,NA,NA,NA,NA,NA,162,NA,NA,NA,NA,NA,29015321,1,NA,NA,"N","osgb1000002308484289",10,"osgb4000000015572281",5,"osgb1000023141706",4,298360037,NA,"QUERNEBY ROAD",NA,NA,"QUERNEBY ROAD",NA,NA,NA,NA,NA,NA,NA,"NOTTINGHAM","NOTTINGHAM CITY","NOTTINGHAM",NA,"NG3 5HS","NG3 5HS","S","2P","D",NA,"E05001836",NA,2012-03-19,0,NA,NA,NA
"10",100031583496,16341558,"I",2,2002-03-15,"RD",NA,458359,342817,52.9795507,-1.1322756,1,3060,"E",2007-11-26,2015-08-23,2002-03-15,NA,NA,NA,NA,NA,NA,164,NA,NA,NA,NA,NA,NA,164,NA,NA,NA,NA,NA,29015321,1,NA,NA,"N","osgb1000002308484290",10,"osgb4000000015572281",5,"osgb1000023141707",4,298361037,NA,"QUERNEBY ROAD",NA,NA,"QUERNEBY ROAD",NA,NA,NA,NA,NA,NA,NA,"NOTTINGHAM","NOTTINGHAM CITY","NOTTINGHAM",NA,"NG3 5HS","NG3 5HS","S","2Q","D",NA,"E05001836",NA,2012-03-19,0,NA,NA,NA
"11",100031583497,16341559,"I",2,2002-03-15,"RD",NA,458362,342820,52.9795773,-1.1322304,1,3060,"E",2007-11-26,2015-08-23,2002-03-15,NA,NA,NA,NA,NA,NA,166,NA,NA,NA,NA,NA,NA,166,NA,NA,NA,NA,NA,29015321,1,NA,NA,"N","osgb1000002308484291",13,"osgb4000000015572281",5,"osgb1000023141708",4,298369037,NA,"QUERNEBY ROAD",NA,NA,"QUERNEBY ROAD",NA,NA,NA,NA,NA,NA,NA,"NOTTINGHAM","NOTTINGHAM CITY","NOTTINGHAM",NA,"NG3 5HS","NG3 5HS","S","2R","D",NA,"E05001836",NA,2012-03-19,0,NA,NA,NA
"12",100031583402,16341566,"I",2,2002-03-15,"RD04",100032310094,458367,342824,52.9796127,-1.1321552,1,3060,"E",2007-11-26,2015-08-23,2002-03-15,NA,NA,NA,NA,NA,"4 FLETCHER TERRACE",NA,4,NA,NA,NA,NA,NA,NA,NA,NA,NA,"FLETCHER TERRACE",NA,29015321,1,NA,NA,"Y","osgb1000002308484489",15,"osgb4000000015572281",5,"osgb1000023142021",6,277659000,NA,"QUERNEBY ROAD",NA,NA,"QUERNEBY ROAD",NA,NA,NA,NA,NA,NA,NA,"NOTTINGHAM","NOTTINGHAM CITY","NOTTINGHAM",NA,"NG3 5HS","NG3 5HS","S","2Y","D",NA,"E05001836",NA,2012-03-19,0,NA,NA,NA
"13",100031583400,16341565,"I",2,2002-03-15,"RD04",100032310094,458371,342827,52.9796392,-1.1320951,1,3060,"E",2007-11-26,2015-08-23,2002-03-15,NA,NA,NA,NA,NA,"3 FLETCHER TERRACE",NA,3,NA,NA,NA,NA,NA,NA,NA,NA,NA,"FLETCHER TERRACE",NA,29015321,1,NA,NA,"Y","osgb1000002308484488",15,"osgb4000000015572281",5,"osgb1000023142020",6,277652000,NA,"QUERNEBY ROAD",NA,NA,"QUERNEBY ROAD",NA,NA,NA,NA,NA,NA,NA,"NOTTINGHAM","NOTTINGHAM CITY","NOTTINGHAM",NA,"NG3 5HS","NG3 5HS","S","2X","D",NA,"E05001836",NA,2012-03-19,0,NA,NA,NA
"14",100031583398,16341564,"I",2,2002-03-15,"RD04",100032310094,458375,342830,52.9796658,-1.132035,1,3060,"E",2007-11-26,2015-08-23,2002-03-15,NA,NA,NA,NA,NA,"2 FLETCHER TERRACE",NA,2,NA,NA,NA,NA,NA,NA,NA,NA,NA,"FLETCHER TERRACE",NA,29015321,1,NA,NA,"Y","osgb1000002308484490",15,"osgb4000000015572658",5,"osgb1000023142023",6,277641000,NA,"QUERNEBY ROAD",NA,NA,"QUERNEBY ROAD",NA,NA,NA,NA,NA,NA,NA,"NOTTINGHAM","NOTTINGHAM CITY","NOTTINGHAM",NA,"NG3 5HS","NG3 5HS","S","2W","D",NA,"E05001836",NA,2012-03-19,0,NA,NA,NA
"15",100031583397,16341528,"I",2,2002-03-15,"RD04",100032310094,458378,342833,52.9796924,-1.1319898,1,3060,"E",2007-11-26,2015-08-23,2002-03-15,NA,NA,NA,NA,NA,"1 FLETCHER TERRACE",NA,1,NA,NA,NA,NA,NA,NA,NA,NA,NA,"FLETCHER TERRACE",NA,29015321,1,NA,NA,"Y","osgb1000002308484662",14,"osgb4000000015572658",5,"osgb1000023142022",5,277611000,NA,"QUERNEBY ROAD",NA,NA,"QUERNEBY ROAD",NA,NA,NA,NA,NA,NA,NA,"NOTTINGHAM","NOTTINGHAM CITY","NOTTINGHAM",NA,"NG3 5HS","NG3 5HS","S","2U","D",NA,"E05001836",NA,2012-03-19,0,NA,NA,NA
"16",100032118111,16341527,"I",2,2001-04-02,"CE03",NA,458438,342825,52.979614,-1.1310977,1,3060,"E",2007-11-26,2015-08-23,2001-04-02,"WALTER HALLS SCHOOL",NA,NA,NA,NA,NA,NA,NA,NA,NA,NA,NA,NA,NA,NA,NA,NA,"WALTER HALLS PRIMARY SCHOOL",NA,29015321,1,NA,NA,"Y","osgb1000002308484487",16,"osgb4000000015571373",13,"osgb1000023141732",6,NA,252262037,"QUERNEBY ROAD",NA,NA,"QUERNEBY ROAD",NA,NA,NA,NA,NA,NA,NA,"NOTTINGHAM","NOTTINGHAM CITY","NOTTINGHAM",NA,"NG3 5HS","NG3 5HS","S","2S","D",NA,"E05001836",NA,2012-03-19,3,"EL","159",NA
"17",100031583467,16341533,"I",2,2002-03-15,"RD",NA,458312,342747,52.9789266,-1.1329881,1,3060,"E",2007-11-26,2015-08-23,2002-03-15,NA,NA,NA,NA,NA,NA,114,NA,NA,NA,NA,NA,NA,114,NA,NA,NA,NA,NA,29015321,1,NA,NA,"N","osgb1000002308484271",10,"osgb4000000015572536",5,"osgb1000023141694",4,89161037,NA,"QUERNEBY ROAD",NA,NA,"QUERNEBY ROAD",NA,NA,NA,NA,NA,NA,NA,"NOTTINGHAM","NOTTINGHAM CITY","NOTTINGHAM",NA,"NG3 5HS","NG3 5HS","S","1F","D",NA,"E05001836",NA,2012-03-19,0,NA,NA,NA
"18",100031583469,16341534,"I",2,2002-03-15,"RD",NA,458312,342747,52.9789266,-1.1329881,1,3060,"E",2007-11-26,2015-08-23,2002-03-15,NA,NA,NA,NA,NA,NA,116,NA,NA,NA,NA,NA,NA,116,NA,NA,NA,NA,NA,29015321,1,NA,NA,"N","osgb1000002308484272",10,"osgb4000000015572536",5,"osgb1000023141694",4,89162037,NA,"QUERNEBY ROAD",NA,NA,"QUERNEBY ROAD",NA,NA,NA,NA,NA,NA,NA,"NOTTINGHAM","NOTTINGHAM CITY","NOTTINGHAM",NA,"NG3 5HS","NG3 5HS","S","1G","D",NA,"E05001836",NA,2012-03-19,0,NA,NA,NA
"19",100031583472,16341536,"I",2,2002-03-15,"RD",NA,458314,342751,52.9789623,-1.1329576,1,3060,"E",2007-11-26,2015-08-23,2002-03-15,NA,NA,NA,NA,NA,NA,120,NA,NA,NA,NA,NA,NA,120,NA,NA,NA,NA,NA,29015321,1,NA,NA,"N","osgb1000002308484270",10,"osgb4000000015572536",5,"osgb1000023141693",4,89164037,NA,"QUERNEBY ROAD",NA,NA,"QUERNEBY ROAD",NA,NA,NA,NA,NA,NA,NA,"NOTTINGHAM","NOTTINGHAM CITY","NOTTINGHAM",NA,"NG3 5HS","NG3 5HS","S","1J","D",NA,"E05001836",NA,2012-03-19,0,NA,NA,NA
"20",100031583471,16341535,"I",2,2002-03-15,"RD",NA,458314,342751,52.9789623,-1.1329576,1,3060,"E",2007-11-26,2015-08-23,2002-03-15,NA,NA,NA,NA,NA,NA,118,NA,NA,NA,NA,NA,NA,118,NA,NA,NA,NA,NA,29015321,1,NA,NA,"N","osgb1000002308484269",10,"osgb4000000015572536",5,"osgb1000023141693",4,89163037,NA,"QUERNEBY ROAD",NA,NA,"QUERNEBY ROAD",NA,NA,NA,NA,NA,NA,NA,"NOTTINGHAM","NOTTINGHAM CITY","NOTTINGHAM",NA,"NG3 5HS","NG3 5HS","S","1H","D",NA,"E05001836",NA,2012-03-19,0,NA,NA,NA
"21",100031583474,16341538,"I",2,2002-03-15,"RD",NA,458318,342759,52.9790338,-1.1328966,1,3060,"E",2007-11-26,2015-08-23,2002-03-15,NA,NA,NA,NA,NA,NA,124,NA,NA,NA,NA,NA,NA,124,NA,NA,NA,NA,NA,29015321,1,NA,NA,"N","osgb1000002308484268",12,"osgb4000000015571559",7,"osgb1000023141692",4,89166037,NA,"QUERNEBY ROAD",NA,NA,"QUERNEBY ROAD",NA,NA,NA,NA,NA,NA,NA,"NOTTINGHAM","NOTTINGHAM CITY","NOTTINGHAM",NA,"NG3 5HS","NG3 5HS","S","1N","D",NA,"E05001836",NA,2012-03-19,0,NA,NA,NA
"22",100031583473,16341537,"I",2,2002-03-15,"RD",NA,458318,342759,52.9790338,-1.1328966,1,3060,"E",2007-11-26,2015-08-23,2002-03-15,NA,NA,NA,NA,NA,NA,122,NA,NA,NA,NA,NA,NA,122,NA,NA,NA,NA,NA,29015321,1,NA,NA,"N","osgb1000002308484267",12,"osgb4000000015571559",7,"osgb1000023141692",4,89165037,NA,"QUERNEBY ROAD",NA,NA,"QUERNEBY ROAD",NA,NA,NA,NA,NA,NA,NA,"NOTTINGHAM","NOTTINGHAM CITY","NOTTINGHAM",NA,"NG3 5HS","NG3 5HS","S","1L","D",NA,"E05001836",NA,2012-03-19,0,NA,NA,NA
"23",100031583476,16341540,"I",2,2002-03-15,"RD",NA,458320,342762,52.9790606,-1.1328663,1,3060,"E",2007-11-26,2015-08-23,2002-03-15,NA,NA,NA,NA,NA,NA,128,NA,NA,NA,NA,NA,NA,128,NA,NA,NA,NA,NA,29015321,1,NA,NA,"N","osgb1000002308484266",12,"osgb4000000015571559",7,"osgb1000023141691",4,89168037,NA,"QUERNEBY ROAD",NA,NA,"QUERNEBY ROAD",NA,NA,NA,NA,NA,NA,NA,"NOTTINGHAM","NOTTINGHAM CITY","NOTTINGHAM",NA,"NG3 5HS","NG3 5HS","S","1Q","D",NA,"E05001836",NA,2012-03-19,0,NA,NA,NA
"24",100031583475,16341539,"I",2,2002-03-15,"RD",NA,458320,342762,52.9790606,-1.1328663,1,3060,"E",2007-11-26,2015-08-23,2002-03-15,NA,NA,NA,NA,NA,NA,126,NA,NA,NA,NA,NA,NA,126,NA,NA,NA,NA,NA,29015321,1,NA,NA,"N","osgb1000002308484265",12,"osgb4000000015571559",7,"osgb1000023141691",4,89167037,NA,"QUERNEBY ROAD",NA,NA,"QUERNEBY ROAD",NA,NA,NA,NA,NA,NA,NA,"NOTTINGHAM","NOTTINGHAM CITY","NOTTINGHAM",NA,"NG3 5HS","NG3 5HS","S","1P","D",NA,"E05001836",NA,2012-03-19,0,NA,NA,NA
"25",100031583482,16341546,"I",2,2002-03-15,"RD",NA,458326,342777,52.9791947,-1.1327742,1,3060,"E",2007-11-26,2015-08-23,2002-03-15,NA,NA,NA,NA,NA,NA,140,NA,NA,NA,NA,NA,NA,140,NA,NA,NA,NA,NA,29015321,1,NA,NA,"N","osgb1000002308484278",12,"osgb4000000015571559",7,"osgb1000023141698",4,89174037,NA,"QUERNEBY ROAD",NA,NA,"QUERNEBY ROAD",NA,NA,NA,NA,NA,NA,NA,"NOTTINGHAM","NOTTINGHAM CITY","NOTTINGHAM",NA,"NG3 5HS","NG3 5HS","S","1X","D",NA,"E05001836",NA,2012-03-19,0,NA,NA,NA
"26",100031583481,16341545,"I",2,2002-03-15,"RD",NA,458326,342778,52.9792037,-1.1327741,1,3060,"E",2007-11-26,2015-08-23,2002-03-15,NA,NA,NA,NA,NA,NA,138,NA,NA,NA,NA,NA,NA,138,NA,NA,NA,NA,NA,29015321,1,NA,NA,"N","osgb1000002308484277",12,"osgb4000000015571559",7,"osgb1000023141698",4,89173037,NA,"QUERNEBY ROAD",NA,NA,"QUERNEBY ROAD",NA,NA,NA,NA,NA,NA,NA,"NOTTINGHAM","NOTTINGHAM CITY","NOTTINGHAM",NA,"NG3 5HS","NG3 5HS","S","1W","D",NA,"E05001836",NA,2012-03-19,0,NA,NA,NA
"27",100032118129,50669225,"I",2,2002-03-15,"RD02",NA,458329,342735,52.9788169,-1.1327371,1,3060,"E",2007-11-26,2015-08-23,2002-03-15,NA,NA,NA,NA,NA,NA,112,NA,NA,NA,NA,NA,NA,112,NA,NA,NA,"THE OLD CHAPEL",NA,29015321,1,NA,NA,"Y","osgb1000002309068449",5,"osgb4000000015571559",7,"osgb1000023141697",4,9074712000,NA,"QUERNEBY ROAD",NA,NA,"QUERNEBY ROAD",NA,NA,NA,NA,NA,NA,NA,"NOTTINGHAM","NOTTINGHAM CITY","NOTTINGHAM",NA,"NG3 5HS","NG3 5HS","S","3E","D",NA,"E05001836",NA,2012-03-19,0,NA,NA,NA
"28",100031583483,16341547,"I",2,2002-03-15,"RD",NA,458331,342782,52.9792391,-1.1326989,1,3060,"E",2007-11-26,2015-08-23,2002-03-15,NA,NA,NA,NA,NA,NA,142,NA,NA,NA,NA,NA,NA,142,NA,NA,NA,NA,NA,29015321,1,NA,NA,"N","osgb1000002308484279",12,"osgb4000000015571559",7,"osgb1000023141699",4,89175037,NA,"QUERNEBY ROAD",NA,NA,"QUERNEBY ROAD",NA,NA,NA,NA,NA,NA,NA,"NOTTINGHAM","NOTTINGHAM CITY","NOTTINGHAM",NA,"NG3 5HS","NG3 5HS","S","1Y","D",NA,"E05001836",NA,2012-03-19,0,NA,NA,NA
"29",100031583484,16341548,"I",2,2002-03-15,"RD",NA,458332,342782,52.979239,-1.132684,1,3060,"E",2007-11-26,2015-08-23,2002-03-15,NA,NA,NA,NA,NA,NA,144,NA,NA,NA,NA,NA,NA,144,NA,NA,NA,NA,NA,29015321,1,NA,NA,"N","osgb1000002308484280",12,"osgb4000000015571559",7,"osgb1000023141699",4,89176037,NA,"QUERNEBY ROAD",NA,NA,"QUERNEBY ROAD",NA,NA,NA,NA,NA,NA,NA,"NOTTINGHAM","NOTTINGHAM CITY","NOTTINGHAM",NA,"NG3 5HS","NG3 5HS","S","1Z","D",NA,"E05001836",NA,2012-03-19,0,NA,NA,NA
"30",100031583477,16341541,"I",2,2002-03-15,"RD",NA,458333,342755,52.9789962,-1.132674,1,3060,"E",2007-11-26,2015-08-23,2002-03-15,NA,NA,NA,NA,NA,NA,130,NA,NA,NA,NA,NA,NA,130,NA,NA,NA,NA,NA,29015321,1,NA,NA,"N","osgb1000002308484273",12,"osgb4000000015571559",7,"osgb1000023141695",5,89169037,NA,"QUERNEBY ROAD",NA,NA,"QUERNEBY ROAD",NA,NA,NA,NA,NA,NA,NA,"NOTTINGHAM","NOTTINGHAM CITY","NOTTINGHAM",NA,"NG3 5HS","NG3 5HS","S","1R","D",NA,"E05001836",NA,2012-03-19,0,NA,NA,NA
"31",100031583478,16341542,"I",2,2002-03-15,"RD",NA,458333,342755,52.9789962,-1.132674,1,3060,"E",2007-11-26,2015-08-23,2002-03-15,NA,NA,NA,NA,NA,NA,132,NA,NA,NA,NA,NA,NA,132,NA,NA,NA,NA,NA,29015321,1,NA,NA,"N","osgb1000002308484274",12,"osgb4000000015571559",7,"osgb1000023141695",5,89170037,NA,"QUERNEBY ROAD",NA,NA,"QUERNEBY ROAD",NA,NA,NA,NA,NA,NA,NA,"NOTTINGHAM","NOTTINGHAM CITY","NOTTINGHAM",NA,"NG3 5HS","NG3 5HS","S","1S","D",NA,"E05001836",NA,2012-03-19,0,NA,NA,NA
"32",100031583486,16341550,"I",2,2002-03-15,"RD",NA,458338,342787,52.9792833,-1.1325937,1,3060,"E",2007-11-26,2015-08-23,2002-03-15,NA,NA,NA,NA,NA,NA,148,NA,NA,NA,NA,NA,NA,148,NA,NA,NA,NA,NA,29015321,1,NA,NA,"N","osgb1000002308484281",12,"osgb4000000015572281",5,"osgb1000023141700",5,89178037,NA,"QUERNEBY ROAD",NA,NA,"QUERNEBY ROAD",NA,NA,NA,NA,NA,NA,NA,"NOTTINGHAM","NOTTINGHAM CITY","NOTTINGHAM",NA,"NG3 5HS","NG3 5HS","S","2B","D",NA,"E05001836",NA,2012-03-19,0,NA,NA,NA
"33",100031583485,16341549,"I",2,2002-03-15,"RD",NA,458338,342786,52.9792743,-1.1325939,1,3060,"E",2007-11-26,2015-08-23,2002-03-15,NA,NA,NA,NA,NA,NA,146,NA,NA,NA,NA,NA,NA,146,NA,NA,NA,NA,NA,29015321,1,NA,NA,"N","osgb1000002308484282",12,"osgb4000000015572281",5,"osgb1000023141700",5,89177037,NA,"QUERNEBY ROAD",NA,NA,"QUERNEBY ROAD",NA,NA,NA,NA,NA,NA,NA,"NOTTINGHAM","NOTTINGHAM CITY","NOTTINGHAM",NA,"NG3 5HS","NG3 5HS","S","2A","D",NA,"E05001836",NA,2012-03-19,0,NA,NA,NA
"34",100031583454,16341568,"I",2,2002-03-15,"RD",NA,458282,342699,52.9784984,-1.1334435,1,3060,"E",2007-11-26,2015-08-23,2002-03-15,NA,NA,NA,NA,NA,NA,98,NA,NA,NA,NA,NA,NA,98,NA,NA,NA,NA,NA,29015321,1,NA,NA,"N","osgb1000002308484385",10,"osgb4000000015562139",5,"osgb1000023141666",4,89183037,NA,"QUERNEBY ROAD",NA,NA,"QUERNEBY ROAD",NA,NA,NA,NA,NA,NA,NA,"NOTTINGHAM","NOTTINGHAM CITY","NOTTINGHAM",NA,"NG3 5HS","NG3 5HS","S","2H","D",NA,"E05001836",NA,2012-03-19,0,NA,NA,NA
"35",100031583456,16341529,"I",2,2002-03-15,"RD",NA,458287,342706,52.9785608,-1.1333678,1,3060,"E",2007-11-26,2015-08-23,2002-03-15,NA,NA,NA,NA,NA,NA,100,NA,NA,NA,NA,NA,NA,100,NA,NA,NA,NA,NA,29015321,1,NA,NA,"N","osgb1000002308484384",10,"osgb4000000015562139",5,"osgb1000023141665",4,89156037,NA,"QUERNEBY ROAD",NA,NA,"QUERNEBY ROAD",NA,NA,NA,NA,NA,NA,NA,"NOTTINGHAM","NOTTINGHAM CITY","NOTTINGHAM",NA,"NG3 5HS","NG3 5HS","S","1A","D",NA,"E05001836",NA,2012-03-19,0,NA,NA,NA
"36",100031583458,16341530,"I",2,2002-03-15,"RD",NA,458290,342710,52.9785964,-1.1333224,1,3060,"E",2007-11-26,2015-08-23,2002-03-15,NA,NA,NA,NA,NA,NA,102,NA,NA,NA,NA,NA,NA,102,NA,NA,NA,NA,NA,29015321,1,NA,NA,"N","osgb1000002308484383",10,"osgb4000000015562139",5,"osgb1000023141664",4,89157037,NA,"QUERNEBY ROAD",NA,NA,"QUERNEBY ROAD",NA,NA,NA,NA,NA,NA,NA,"NOTTINGHAM","NOTTINGHAM CITY","NOTTINGHAM",NA,"NG3 5HS","NG3 5HS","S","1B","D",NA,"E05001836",NA,2012-03-19,0,NA,NA,NA
"37",100031583461,16341531,"I",2,2002-03-15,"RD",NA,458294,342716,52.9786499,-1.1332617,1,3060,"E",2007-11-26,2015-08-23,2002-03-15,NA,NA,NA,NA,NA,NA,106,NA,NA,NA,NA,NA,NA,106,NA,NA,NA,NA,NA,29015321,1,NA,NA,"N","osgb1000002308484382",10,"osgb4000000015562139",5,"osgb1000023141661",4,89159037,NA,"QUERNEBY ROAD",NA,NA,"QUERNEBY ROAD",NA,NA,NA,NA,NA,NA,NA,"NOTTINGHAM","NOTTINGHAM CITY","NOTTINGHAM",NA,"NG3 5HS","NG3 5HS","S","1D","D",NA,"E05001836",NA,2012-03-19,0,NA,NA,NA
"38",100031583463,16341532,"I",2,2002-03-15,"RD",NA,458293,342726,52.9787399,-1.1332748,1,3060,"E",2007-11-26,2015-08-23,2002-03-15,NA,NA,NA,NA,NA,NA,108,NA,NA,NA,NA,NA,NA,108,NA,NA,NA,NA,NA,29015321,1,NA,NA,"N","osgb1000002308484381",10,"osgb4000000015562139",5,"osgb1000023141660",4,89160037,NA,"QUERNEBY ROAD",NA,NA,"QUERNEBY ROAD",NA,NA,NA,NA,NA,NA,NA,"NOTTINGHAM","NOTTINGHAM CITY","NOTTINGHAM",NA,"NG3 5HS","NG3 5HS","S","1E","D",NA,"E05001836",NA,2012-03-19,0,NA,NA,NA
"39",100031583453,16341567,"I",2,2002-03-15,"RD",NA,458268,342683,52.9783561,-1.1336549,1,3060,"E",2007-11-26,2015-08-23,2002-03-15,NA,NA,NA,NA,NA,NA,96,NA,NA,NA,NA,NA,NA,96,NA,NA,NA,NA,NA,29015321,1,NA,NA,"N","osgb1000002308484386",10,"osgb4000000015562139",5,"osgb1000023141667",4,89182037,NA,"QUERNEBY ROAD",NA,NA,"QUERNEBY ROAD",NA,NA,NA,NA,NA,NA,NA,"NOTTINGHAM","NOTTINGHAM CITY","NOTTINGHAM",NA,"NG3 5HS","NG3 5HS","S","2G","D",NA,"E05001836",NA,2012-03-19,0,NA,NA,NA
"40",10090473971,52445266,"I",2,2011-08-26,"PP",NA,458122.6,340948.25,52.9627798,-1.1361308,1,3060,"E",2011-09-06,2015-08-23,2011-08-26,"ST. ANNS VALLEY CENTRE",NA,NA,NA,NA,NA,2,NA,NA,NA,NA,NA,NA,NA,NA,NA,NA,"SHELL FOR ST ANNS VALLEY CENTRE AND ELECTRICITY SUBSTATION",NA,29020813,1,NA,NA,"Y","osgb5000005103467291",5,"osgb5000005113260957",1,"osgb5000005113260666",1,NA,8150925000,"LIVINGSTONE ROAD",NA,NA,"LIVINGSTONE ROAD",NA,NA,NA,NA,NA,NA,NA,"NOTTINGHAM","NOTTINGHAM CITY","NOTTINGHAM",NA,"NG3 3GG","NG3 3GG","S","1A","D",NA,"E05001838",NA,2012-03-19,11,"MH1","437",NA
"41",100031537769,16330355,"I",2,2002-03-15,"RD",NA,458303,340034,52.9545428,-1.1336094,1,3060,"E",2007-11-26,2015-08-23,2002-03-15,NA,NA,NA,NA,NA,NA,30,NA,NA,NA,NA,NA,NA,30,NA,NA,NA,NA,NA,29014631,1,NA,NA,"N","osgb1000002308481315",10,"osgb4000000015561284",7,"osgb1000023137321",5,33064037,NA,"DAKEYNE STREET",NA,NA,"DAKEYNE STREET",NA,NA,NA,NA,NA,NA,NA,"NOTTINGHAM","NOTTINGHAM CITY","NOTTINGHAM",NA,"NG3 2AR","NG3 2AR","S","1B","D",NA,"E05001838",NA,2012-03-19,0,NA,NA,NA
"42",100031537768,16330354,"I",2,2002-03-15,"RD",NA,458293,340038,52.9545799,-1.1337576,1,3060,"E",2007-11-26,2015-08-23,2002-03-15,NA,NA,NA,NA,NA,NA,28,NA,NA,NA,NA,NA,NA,28,NA,NA,NA,NA,NA,29014631,1,NA,NA,"N","osgb1000002308481314",9,"osgb4000000015561284",7,"osgb1000023137317",4,33062037,NA,"DAKEYNE STREET",NA,NA,"DAKEYNE STREET",NA,NA,NA,NA,NA,NA,NA,"NOTTINGHAM","NOTTINGHAM CITY","NOTTINGHAM",NA,"NG3 2AR","NG3 2AR","S","1A","D",NA,"E05001838",NA,2012-03-19,0,NA,NA,NA
"43",100032288265,52175096,"I",2,2001-04-02,"CI03",100032309699,458270,340049,52.9546812,-1.1340979,1,3060,"E",2007-11-26,2015-08-23,2001-04-02,NA,"A P APPLIANCES",NA,NA,"UNIT 2","TOP FACTORY",NA,NA,NA,NA,NA,"UNIT 2",NA,NA,NA,NA,NA,"TOP FACTORY",NA,29014631,1,NA,NA,"Y","osgb1000002309151664",7,"osgb4000000015561284",7,"osgb1000023137315",4,NA,326834037,"DAKEYNE STREET",NA,NA,"DAKEYNE STREET",NA,NA,NA,NA,NA,NA,NA,"NOTTINGHAM","NOTTINGHAM CITY","NOTTINGHAM",NA,"NG3 2AR","NG3 2AR","S","2Z","D",NA,"E05001838",NA,2012-03-19,0,"IF3","096",NA
"44",100032116791,16330349,"I",2,2002-03-15,"CI03",NA,458234,340075,52.9549188,-1.134629,1,3060,"E",2007-11-26,2015-08-23,2002-03-15,NA,NA,NA,NA,NA,"1A",NA,NA,NA,NA,NA,NA,NA,1,"A",NA,NA,NA,NA,29014631,1,NA,NA,"Y","osgb1000002308480945",15,"osgb4000000015561284",7,"osgb1000023137311",4,NA,33060037,"DAKEYNE STREET",NA,NA,"DAKEYNE STREET",NA,NA,NA,NA,NA,NA,NA,"NOTTINGHAM","NOTTINGHAM CITY","NOTTINGHAM",NA,"NG3 2AR","NG3 2AR","S","1Y","D",NA,"E05001838",NA,2012-03-19,0,"IF3","096",NA
"45",100032287595,16296542,"I",2,2012-03-22,"CL06LS",NA,457972,340096,52.9551359,-1.1385248,1,3060,"E",2007-11-26,2015-08-23,2002-03-15,"VICTORIA LEISURE CENTRE",NA,NA,NA,NA,NA,NA,NA,NA,NA,NA,NA,NA,NA,NA,NA,NA,"VICTORIA LEISURE CENTRE",NA,29000954,1,NA,NA,"Y","osgb1000002308429849",14,"osgb4000000015561886",6,"osgb1000023065684",11,NA,7866417000,"GEDLING STREET",NA,NA,"GEDLING STREET",NA,NA,NA,NA,NA,NA,NA,"NOTTINGHAM","NOTTINGHAM CITY","NOTTINGHAM",NA,"NG1 1DB","NG1 1DB","S","1A","D",NA,"E05001838",NA,2012-03-19,0,"LC2","258",NA
"46",100031592997,16310699,"I",2,2002-03-15,"RD",NA,459140,340053,52.9546222,-1.1211487,1,3060,"E",2007-11-26,2015-08-23,2002-03-15,NA,NA,NA,NA,NA,NA,202,NA,NA,NA,NA,NA,NA,202,NA,NA,NA,NA,NA,29015439,1,NA,NA,"N","osgb1000002308538245",8,"osgb4000000015560928",5,"osgb1000023223853",2,99777037,NA,"SNEINTON DALE",NA,NA,"SNEINTON DALE",NA,NA,NA,NA,NA,NA,NA,"NOTTINGHAM","NOTTINGHAM CITY","NOTTINGHAM",NA,"NG2 4HJ","NG2 4HJ","S","1P","D",NA,"E05001833",NA,2012-03-19,0,NA,NA,NA
"47",100031592998,16310700,"I",2,2002-03-15,"RD",NA,459147,340057,52.9546574,-1.1210438,1,3060,"E",2007-11-26,2015-08-23,2002-03-15,NA,NA,NA,NA,NA,NA,204,NA,NA,NA,NA,NA,NA,204,NA,NA,NA,NA,NA,29015439,1,NA,NA,"N","osgb1000002308538246",12,"osgb4000000015560862",5,"osgb1000023223855",6,99780037,NA,"SNEINTON DALE",NA,NA,"SNEINTON DALE",NA,NA,NA,NA,NA,NA,NA,"NOTTINGHAM","NOTTINGHAM CITY","NOTTINGHAM",NA,"NG2 4HJ","NG2 4HJ","S","1Q","D",NA,"E05001833",NA,2012-03-19,0,NA,NA,NA
"48",100032108846,16310701,"I",2,2002-03-15,"CX01PT",NA,459168,340064,52.954718,-1.12073,1,3060,"E",2007-11-26,2015-11-20,2002-03-15,"NOTTINGHAM POLICE","NOTTINGHAMSHIRE CONSTABULARY",NA,NA,NA,"SNEINTON POLICE STATION",206,NA,NA,NA,NA,NA,NA,206,NA,NA,NA,"SNEINTON POLICE STATION",NA,29015439,1,NA,NA,"Y","osgb1000002308538097",20,"osgb4000000015560862",5,"osgb1000002652010088",2,NA,9809482000,"SNEINTON DALE",NA,NA,"SNEINTON DALE",NA,NA,NA,NA,NA,NA,NA,"NOTTINGHAM","NOTTINGHAM CITY","NOTTINGHAM",NA,"NG2 4HJ","NG2 4HJ","S","1R","D",NA,"E05001833",NA,2012-03-19,0,"MP","215",NA
"49",100031592996,16310698,"I",2,2002-03-15,"RD",NA,459131,340049,52.9545872,-1.1212834,1,3060,"E",2007-11-26,2015-08-23,2002-03-15,NA,NA,NA,NA,NA,NA,200,NA,NA,NA,NA,NA,NA,200,NA,NA,NA,NA,NA,29015439,1,NA,NA,"N","osgb1000002308538373",8,"osgb4000000015561993",9,"osgb1000023223852",2,99773037,NA,"SNEINTON DALE",NA,NA,"SNEINTON DALE",NA,NA,NA,NA,NA,NA,NA,"NOTTINGHAM","NOTTINGHAM CITY","NOTTINGHAM",NA,"NG2 4HJ","NG2 4HJ","S","1N","D",NA,"E05001833",NA,2012-03-19,0,NA,NA,NA
"50",100032108959,28695122,"I",2,2002-03-15,"CR08",NA,459046,339966,52.9538506,-1.1225635,1,3060,"E",2007-11-26,2015-08-23,2002-03-15,"PAK FOODS","PAK FOODS",NA,NA,NA,NA,152,NA,NA,NA,NA,NA,NA,152,NA,NA,NA,NA,NA,29015439,1,NA,NA,"Y","osgb1000002309032647",7,"osgb4000000015560996",7,"osgb1000002652030957",2,NA,4684820000,"SNEINTON DALE",NA,NA,"SNEINTON DALE",NA,NA,NA,NA,NA,NA,NA,"NOTTINGHAM","NOTTINGHAM CITY","NOTTINGHAM",NA,"NG2 4HJ","NG2 4HJ","S","1Z","D",NA,"E05001833",NA,2012-03-19,1,"CS","152",NA
"51",100031593101,16310689,"I",2,2002-03-15,"CR06",NA,459075,339992,52.9540811,-1.1221272,1,3060,"E",2007-11-26,2015-08-23,2002-03-15,"THE DALE",NA,NA,NA,NA,NA,NA,NA,NA,NA,NA,NA,NA,NA,NA,NA,NA,"DALE HOTEL",NA,29015439,1,NA,NA,"Y","osgb1000002308535789",15,"osgb4000000015560861",5,"osgb1000023220491",5,NA,99725037,"SNEINTON DALE",NA,NA,"SNEINTON DALE",NA,NA,NA,NA,NA,NA,NA,"NOTTINGHAM","NOTTINGHAM CITY","NOTTINGHAM",NA,"NG2 4HJ","NG2 4HJ","S","1S","D",NA,"E05001833",NA,2012-03-19,1,"CL","226",NA
"52",100031592970,16310694,"I",2,2002-03-15,"RD04",NA,458977,339901,52.9532739,-1.1236023,1,3060,"E",2007-11-26,2015-08-23,2002-03-15,NA,NA,NA,NA,NA,NA,136,NA,NA,NA,NA,NA,NA,136,NA,NA,NA,NA,NA,29015439,1,NA,NA,"N","osgb1000002308476164",10,"osgb4000000015562426",7,"osgb1000023131219",5,99753037,NA,"SNEINTON DALE",NA,NA,"SNEINTON DALE",NA,NA,NA,NA,NA,NA,NA,"NOTTINGHAM","NOTTINGHAM CITY","NOTTINGHAM",NA,"NG2 4HJ","NG2 4HJ","S","1F","D",NA,"E05001833",NA,2012-03-19,0,NA,NA,NA
"53",100031592972,16310695,"I",2,2002-03-15,"RD04",NA,458982,339903,52.9532913,-1.1235275,1,3060,"E",2007-11-26,2015-08-23,2002-03-15,NA,NA,NA,NA,NA,NA,138,NA,NA,NA,NA,NA,NA,138,NA,NA,NA,NA,NA,29015439,1,NA,NA,"N","osgb1000002308476163",10,"osgb4000000015562426",7,"osgb1000023131218",5,99757037,NA,"SNEINTON DALE",NA,NA,"SNEINTON DALE",NA,NA,NA,NA,NA,NA,NA,"NOTTINGHAM","NOTTINGHAM CITY","NOTTINGHAM",NA,"NG2 4HJ","NG2 4HJ","S","1G","D",NA,"E05001833",NA,2012-03-19,0,NA,NA,NA
"54",200001393007,28695121,"I",2,2002-03-15,"RD06",NA,458992,339921,52.953452,-1.1233754,1,3060,"E",2007-11-26,2015-08-23,2002-03-15,NA,NA,NA,NA,NA,"140A",NA,NA,NA,NA,NA,NA,NA,140,"A",NA,NA,NA,NA,29015439,1,NA,NA,"Y","osgb1000002309030491",7,"osgb4000000015562426",7,"osgb1000023131217",6,307616037,NA,"SNEINTON DALE",NA,NA,"SNEINTON DALE",NA,NA,NA,NA,NA,NA,NA,"NOTTINGHAM","NOTTINGHAM CITY","NOTTINGHAM",NA,"NG2 4HJ","NG2 4HJ","S","1Y","D",NA,"E05001833",NA,2012-03-19,0,NA,NA,NA
"55",10022957834,16310688,"I",2,2007-10-26,"CR08",NA,458995,339922,52.9534607,-1.1233306,1,3060,"E",2007-11-26,2015-08-23,2007-10-22,"CO-OPERATIVE RETAIL SERVICES LTD","CO-OPERATIVE RETAIL SERVICES",NA,NA,NA,"140-142",NA,NA,NA,NA,NA,NA,NA,140,NA,"142",NA,NA,NA,29015439,1,NA,NA,"Y","osgb1000002308476181",17,"osgb4000000015562426",7,"osgb1000023131217",6,NA,8899916000,"SNEINTON DALE",NA,NA,"SNEINTON DALE",NA,NA,NA,NA,NA,NA,NA,"NOTTINGHAM","NOTTINGHAM CITY","NOTTINGHAM",NA,"NG2 4HJ","NG2 4HJ","S","1H","D",NA,"E05001833",NA,2012-03-19,1,"CS","249",NA
"56",100031592975,51099575,"I",2,2002-03-15,"RD06",NA,458999,339922,52.9534602,-1.123271,1,3060,"E",2007-11-26,2015-08-23,2002-03-15,NA,NA,NA,NA,NA,"142A",NA,NA,NA,NA,NA,NA,NA,142,"A",NA,NA,NA,NA,29015439,1,NA,NA,"Y","osgb1000002309077785",4,"osgb4000000015562426",7,"osgb1000023131216",6,307617037,NA,"SNEINTON DALE",NA,NA,"SNEINTON DALE",NA,NA,NA,NA,NA,NA,NA,"NOTTINGHAM","NOTTINGHAM CITY","NOTTINGHAM",NA,"NG2 4HJ","NG2 4HJ","S","2A","D",NA,"E05001833",NA,2012-03-19,0,NA,NA,NA
"57",10022958951,16310697,"I",2,2008-01-10,"CO01GV",NA,459003,339926,52.9534958,-1.1232108,1,3060,"E",2008-01-21,2015-08-23,2008-01-10,"SURE START","SURESTART",NA,NA,NA,NA,144,NA,NA,NA,NA,NA,NA,144,NA,NA,NA,NA,NA,29015439,1,NA,NA,"Y","osgb1000002308476179",12,"osgb4000000015560995",5,"osgb1000023220440",6,NA,NA,"SNEINTON DALE",NA,NA,"SNEINTON DALE",NA,NA,NA,NA,NA,NA,NA,"NOTTINGHAM","NOTTINGHAM CITY","NOTTINGHAM",NA,"NG2 4HJ","NG2 4HJ","S","1L","D",NA,"E05001833",NA,2012-03-19,0,NA,NA,NA
"58",100032290429,27895746,"I",2,2002-03-15,"CI04",NA,459014,339933,52.9535575,-1.1230458,1,3060,"E",2007-11-26,2015-08-23,2002-03-15,"FURNITURE DIRECT",NA,NA,NA,NA,NA,146,NA,NA,NA,NA,NA,NA,146,NA,"150",NA,NA,NA,29015439,1,NA,NA,"Y","osgb1000002308966866",14,"osgb4000000015562429",7,"osgb1000023220445",2,NA,322571037,"SNEINTON DALE",NA,NA,"SNEINTON DALE",NA,NA,NA,NA,NA,NA,NA,"NOTTINGHAM","NOTTINGHAM CITY","NOTTINGHAM",NA,"NG2 4HJ","NG2 4HJ","S","1W","D",NA,"E05001833",NA,2012-03-19,0,"CW","096",NA
"59",100031592962,16310690,"I",2,2002-03-15,"RD04",NA,458962,339886,52.9531407,-1.1238282,1,3060,"E",2007-11-26,2015-08-23,2002-03-15,NA,NA,NA,NA,NA,NA,128,NA,NA,NA,NA,NA,NA,128,NA,NA,NA,NA,NA,29015439,1,NA,NA,"N","osgb1000002308476158",10,"osgb4000000015562494",7,"osgb1000023131496",5,99737037,NA,"SNEINTON DALE",NA,NA,"SNEINTON DALE",NA,NA,NA,NA,NA,NA,NA,"NOTTINGHAM","NOTTINGHAM CITY","NOTTINGHAM",NA,"NG2 4HJ","NG2 4HJ","S","1A","D",NA,"E05001833",NA,2012-03-19,0,NA,NA,NA
"60",100031592964,16310691,"I",2,2002-03-15,"RD04",NA,458966,339888,52.9531583,-1.1237683,1,3060,"E",2007-11-26,2015-08-23,2002-03-15,NA,NA,NA,NA,NA,NA,130,NA,NA,NA,NA,NA,NA,130,NA,NA,NA,NA,NA,29015439,1,NA,NA,"N","osgb1000002308476167",10,"osgb4000000015562494",7,"osgb1000023131495",5,99741037,NA,"SNEINTON DALE",NA,NA,"SNEINTON DALE",NA,NA,NA,NA,NA,NA,NA,"NOTTINGHAM","NOTTINGHAM CITY","NOTTINGHAM",NA,"NG2 4HJ","NG2 4HJ","S","1B","D",NA,"E05001833",NA,2012-03-19,0,NA,NA,NA
"61",100031592966,16310692,"I",2,2002-03-15,"RD04",NA,458972,339891,52.9531846,-1.1236785,1,3060,"E",2007-11-26,2015-08-23,2002-03-15,NA,NA,NA,NA,NA,NA,132,NA,NA,NA,NA,NA,NA,132,NA,NA,NA,NA,NA,29015439,1,NA,NA,"N","osgb1000002308476166",10,"osgb4000000015562494",7,"osgb1000023131494",5,99745037,NA,"SNEINTON DALE",NA,NA,"SNEINTON DALE",NA,NA,NA,NA,NA,NA,NA,"NOTTINGHAM","NOTTINGHAM CITY","NOTTINGHAM",NA,"NG2 4HJ","NG2 4HJ","S","1D","D",NA,"E05001833",NA,2012-03-19,0,NA,NA,NA
"62",100031592968,16310693,"I",2,2002-03-15,"RD04",NA,458973,339897,52.9532384,-1.1236625,1,3060,"E",2007-11-26,2015-08-23,2002-03-15,NA,NA,NA,NA,NA,NA,134,NA,NA,NA,NA,NA,NA,134,NA,NA,NA,NA,NA,29015439,1,NA,NA,"N","osgb1000002308476165",13,"osgb4000000015560994",7,"osgb1000023131220",4,99749037,NA,"SNEINTON DALE",NA,NA,"SNEINTON DALE",NA,NA,NA,NA,NA,NA,NA,"NOTTINGHAM","NOTTINGHAM CITY","NOTTINGHAM",NA,"NG2 4HJ","NG2 4HJ","S","1E","D",NA,"E05001833",NA,2012-03-19,0,NA,NA,NA
"63",100031537776,16330362,"I",2,2002-03-15,"RD",NA,458360,340002,52.954249,-1.1327668,1,3060,"E",2007-11-26,2015-08-23,2002-03-15,NA,NA,NA,NA,NA,NA,44,NA,NA,NA,NA,NA,NA,44,NA,NA,NA,NA,NA,29014631,1,NA,NA,"N","osgb1000002308477122",9,"osgb4000000015561284",7,"osgb1000023137339",7,33055037,NA,"DAKEYNE STREET",NA,NA,"DAKEYNE STREET",NA,NA,NA,NA,NA,NA,NA,"NOTTINGHAM","NOTTINGHAM CITY","NOTTINGHAM",NA,"NG3 2AR","NG3 2AR","S","1L","D",NA,"E05001838",NA,2012-03-19,0,NA,NA,NA
"64",100031537775,16330361,"I",2,2002-03-15,"RD",NA,458355,340005,52.9542765,-1.1328407,1,3060,"E",2007-11-26,2015-08-23,2002-03-15,NA,NA,NA,NA,NA,NA,42,NA,NA,NA,NA,NA,NA,42,NA,NA,NA,NA,NA,29014631,1,NA,NA,"N","osgb1000002308481321",9,"osgb4000000015561284",7,"osgb1000023137338",4,33053037,NA,"DAKEYNE STREET",NA,NA,"DAKEYNE STREET",NA,NA,NA,NA,NA,NA,NA,"NOTTINGHAM","NOTTINGHAM CITY","NOTTINGHAM",NA,"NG3 2AR","NG3 2AR","S","1J","D",NA,"E05001838",NA,2012-03-19,0,NA,NA,NA
"65",100031537774,16330360,"I",2,2002-03-15,"RD",NA,458342,340013,52.9543499,-1.1330328,1,3060,"E",2007-11-26,2015-08-23,2002-03-15,NA,NA,NA,NA,NA,NA,40,NA,NA,NA,NA,NA,NA,40,NA,NA,NA,NA,NA,29014631,1,NA,NA,"N","osgb1000002308481320",9,"osgb4000000015561284",7,"osgb1000023137333",4,33074037,NA,"DAKEYNE STREET",NA,NA,"DAKEYNE STREET",NA,NA,NA,NA,NA,NA,NA,"NOTTINGHAM","NOTTINGHAM CITY","NOTTINGHAM",NA,"NG3 2AR","NG3 2AR","S","1H","D",NA,"E05001838",NA,2012-03-19,0,NA,NA,NA
"66",100031537773,16330359,"I",2,2002-03-15,"RD",NA,458337,340016,52.9543774,-1.1331066,1,3060,"E",2007-11-26,2015-08-23,2002-03-15,NA,NA,NA,NA,NA,NA,38,NA,NA,NA,NA,NA,NA,38,NA,NA,NA,NA,NA,29014631,1,NA,NA,"N","osgb1000002308481319",9,"osgb4000000015561284",7,"osgb1000023137332",4,33072037,NA,"DAKEYNE STREET",NA,NA,"DAKEYNE STREET",NA,NA,NA,NA,NA,NA,NA,"NOTTINGHAM","NOTTINGHAM CITY","NOTTINGHAM",NA,"NG3 2AR","NG3 2AR","S","1G","D",NA,"E05001838",NA,2012-03-19,0,NA,NA,NA
"67",100031537772,16330358,"I",2,2002-03-15,"RD",NA,458323,340022,52.9544328,-1.1333139,1,3060,"E",2007-11-26,2015-08-23,2002-03-15,NA,NA,NA,NA,NA,NA,36,NA,NA,NA,NA,NA,NA,36,NA,NA,NA,NA,NA,29014631,1,NA,NA,"N","osgb1000002308481318",9,"osgb4000000015561284",7,"osgb1000023137327",4,33070037,NA,"DAKEYNE STREET",NA,NA,"DAKEYNE STREET",NA,NA,NA,NA,NA,NA,NA,"NOTTINGHAM","NOTTINGHAM CITY","NOTTINGHAM",NA,"NG3 2AR","NG3 2AR","S","1F","D",NA,"E05001838",NA,2012-03-19,0,NA,NA,NA
"68",100031537771,16330357,"I",2,2002-03-15,"RD",NA,458318,340024,52.9544513,-1.133388,1,3060,"E",2007-11-26,2015-08-23,2002-03-15,NA,NA,NA,NA,NA,NA,34,NA,NA,NA,NA,NA,NA,34,NA,NA,NA,NA,NA,29014631,1,NA,NA,"N","osgb1000002308481317",10,"osgb4000000015561284",7,"osgb1000023137326",5,33068037,NA,"DAKEYNE STREET",NA,NA,"DAKEYNE STREET",NA,NA,NA,NA,NA,NA,NA,"NOTTINGHAM","NOTTINGHAM CITY","NOTTINGHAM",NA,"NG3 2AR","NG3 2AR","S","1E","D",NA,"E05001838",NA,2012-03-19,0,NA,NA,NA
"69",100031537770,16330356,"I",2,2002-03-15,"RD",NA,458308,340030,52.9545063,-1.1335357,1,3060,"E",2007-11-26,2015-08-23,2002-03-15,NA,NA,NA,NA,NA,NA,32,NA,NA,NA,NA,NA,NA,32,NA,NA,NA,NA,NA,29014631,1,NA,NA,"N","osgb1000002308481316",10,"osgb4000000015561284",7,"osgb1000023137322",5,33066037,NA,"DAKEYNE STREET",NA,NA,"DAKEYNE STREET",NA,NA,NA,NA,NA,NA,NA,"NOTTINGHAM","NOTTINGHAM CITY","NOTTINGHAM",NA,"NG3 2AR","NG3 2AR","S","1D","D",NA,"E05001838",NA,2012-03-19,0,NA,NA,NA
"70",100031537784,16330370,"I",2,2002-03-15,"RD",NA,458396,339981,52.9540564,-1.1322348,1,3060,"E",2007-11-26,2015-08-23,2002-03-15,NA,NA,NA,NA,NA,NA,52,NA,NA,NA,NA,NA,NA,52,NA,NA,NA,NA,NA,29014631,1,NA,NA,"N","osgb1000002308477305",9,"osgb4000000015561284",7,"osgb1000023132827",4,33071037,NA,"DAKEYNE STREET",NA,NA,"DAKEYNE STREET",NA,NA,NA,NA,NA,NA,NA,"NOTTINGHAM","NOTTINGHAM CITY","NOTTINGHAM",NA,"NG3 2AR","NG3 2AR","S","1W","D",NA,"E05001838",NA,2012-03-19,0,NA,NA,NA
"71",100031537782,16330368,"I",2,2002-03-15,"RD",NA,458391,339984,52.9540839,-1.1323087,1,3060,"E",2007-11-26,2015-08-23,2002-03-15,NA,NA,NA,NA,NA,NA,50,NA,NA,NA,NA,NA,NA,50,NA,NA,NA,NA,NA,29014631,1,NA,NA,"N","osgb1000002308477306",9,"osgb4000000015561284",7,"osgb1000023132828",4,33067037,NA,"DAKEYNE STREET",NA,NA,"DAKEYNE STREET",NA,NA,NA,NA,NA,NA,NA,"NOTTINGHAM","NOTTINGHAM CITY","NOTTINGHAM",NA,"NG3 2AR","NG3 2AR","S","1T","D",NA,"E05001838",NA,2012-03-19,0,NA,NA,NA
"72",100031537780,16330366,"I",2,2002-03-15,"RD",NA,458380,339995,52.9541839,-1.1324704,1,3060,"E",2007-11-26,2015-08-23,2002-03-15,NA,NA,NA,NA,NA,NA,48,NA,NA,NA,NA,NA,NA,48,NA,NA,NA,NA,NA,29014631,1,NA,NA,"N","osgb1000002308477307",8,"osgb4000000015561284",7,"osgb1000023132830",3,33063037,NA,"DAKEYNE STREET",NA,NA,"DAKEYNE STREET",NA,NA,NA,NA,NA,NA,NA,"NOTTINGHAM","NOTTINGHAM CITY","NOTTINGHAM",NA,"NG3 2AR","NG3 2AR","S","1R","D",NA,"E05001838",NA,2012-03-19,0,NA,NA,NA
"73",100031537778,16330364,"I",2,2002-03-15,"RD",NA,458374,339997,52.9542026,-1.1325594,1,3060,"E",2007-11-26,2015-08-23,2002-03-15,NA,NA,NA,NA,NA,NA,46,NA,NA,NA,NA,NA,NA,46,NA,NA,NA,NA,NA,29014631,1,NA,NA,"N","osgb1000002308477308",9,"osgb4000000015561284",7,"osgb1000023132831",7,33059037,NA,"DAKEYNE STREET",NA,NA,"DAKEYNE STREET",NA,NA,NA,NA,NA,NA,NA,"NOTTINGHAM","NOTTINGHAM CITY","NOTTINGHAM",NA,"NG3 2AR","NG3 2AR","S","1P","D",NA,"E05001838",NA,2012-03-19,0,NA,NA,NA
"74",100031537785,16330371,"I",2,2002-03-15,"RD",NA,458418,340007,52.9542877,-1.1319027,1,3060,"E",2007-11-26,2015-08-23,2002-03-15,NA,NA,NA,NA,NA,NA,53,NA,NA,NA,NA,NA,NA,53,NA,NA,NA,NA,NA,29014631,1,NA,NA,"N","osgb1000002308481326",9,"osgb4000000015561284",7,"osgb1000023137271",4,33073037,NA,"DAKEYNE STREET",NA,NA,"DAKEYNE STREET",NA,NA,NA,NA,NA,NA,NA,"NOTTINGHAM","NOTTINGHAM CITY","NOTTINGHAM",NA,"NG3 2AR","NG3 2AR","S","1X","D",NA,"E05001838",NA,2012-03-19,0,NA,NA,NA
"75",100031537783,16330369,"I",2,2002-03-15,"RD",NA,458412,340010,52.9543153,-1.1319915,1,3060,"E",2007-11-26,2015-08-23,2002-03-15,NA,NA,NA,NA,NA,NA,51,NA,NA,NA,NA,NA,NA,51,NA,NA,NA,NA,NA,29014631,1,NA,NA,"N","osgb1000002308481325",9,"osgb4000000015561284",7,"osgb1000023137270",4,33069037,NA,"DAKEYNE STREET",NA,NA,"DAKEYNE STREET",NA,NA,NA,NA,NA,NA,NA,"NOTTINGHAM","NOTTINGHAM CITY","NOTTINGHAM",NA,"NG3 2AR","NG3 2AR","S","1U","D",NA,"E05001838",NA,2012-03-19,0,NA,NA,NA
"76",100031537781,16330367,"I",2,2002-03-15,"RD",NA,458407,340012,52.9543338,-1.1320655,1,3060,"E",2007-11-26,2015-08-23,2002-03-15,NA,NA,NA,NA,NA,NA,49,NA,NA,NA,NA,NA,NA,49,NA,NA,NA,NA,NA,29014631,1,NA,NA,"N","osgb1000002308481324",9,"osgb4000000015561284",7,"osgb1000023137269",4,33065037,NA,"DAKEYNE STREET",NA,NA,"DAKEYNE STREET",NA,NA,NA,NA,NA,NA,NA,"NOTTINGHAM","NOTTINGHAM CITY","NOTTINGHAM",NA,"NG3 2AR","NG3 2AR","S","1S","D",NA,"E05001838",NA,2012-03-19,0,NA,NA,NA
"77",100031537779,16330365,"I",2,2002-03-15,"RD",NA,458402,340015,52.9543613,-1.1321394,1,3060,"E",2007-11-26,2015-08-23,2002-03-15,NA,NA,NA,NA,NA,NA,47,NA,NA,NA,NA,NA,NA,47,NA,NA,NA,NA,NA,29014631,1,NA,NA,"N","osgb1000002308481323",9,"osgb4000000015561284",7,"osgb1000023137268",4,33061037,NA,"DAKEYNE STREET",NA,NA,"DAKEYNE STREET",NA,NA,NA,NA,NA,NA,NA,"NOTTINGHAM","NOTTINGHAM CITY","NOTTINGHAM",NA,"NG3 2AR","NG3 2AR","S","1Q","D",NA,"E05001838",NA,2012-03-19,0,NA,NA,NA
"78",100031537777,16330363,"I",2,2002-03-15,"RD",NA,458396,340017,52.95438,-1.1322284,1,3060,"E",2007-11-26,2015-08-23,2002-03-15,NA,NA,NA,NA,NA,NA,45,NA,NA,NA,NA,NA,NA,45,NA,NA,NA,NA,NA,29014631,1,NA,NA,"N","osgb1000002308481322",9,"osgb4000000015561284",7,"osgb1000023137267",4,33057037,NA,"DAKEYNE STREET",NA,NA,"DAKEYNE STREET",NA,NA,NA,NA,NA,NA,NA,"NOTTINGHAM","NOTTINGHAM CITY","NOTTINGHAM",NA,"NG3 2AR","NG3 2AR","S","1N","D",NA,"E05001838",NA,2012-03-19,0,NA,NA,NA
"79",200001393811,51994018,"I",2,2002-03-15,"CO01LG",NA,457573,339316,52.9481679,-1.1446014,1,3060,"E",2007-11-26,2015-12-18,2002-03-15,"NOTTINGHAM CITY COUNCIL","NOTTINGHAM CITY COUNCIL",NA,NA,NA,"LOXLEY HOUSE",NA,NA,NA,NA,NA,NA,NA,NA,NA,NA,NA,"LOXLEY HOUSE",NA,29001455,1,NA,NA,"Y","osgb1000002309144986",8,"osgb4000000015556975",5,"osgb1000002097839904",5,NA,6659059000,"STATION STREET",NA,NA,"STATION STREET",NA,NA,NA,NA,NA,NA,NA,"NOTTINGHAM","NOTTINGHAM CITY","NOTTINGHAM",NA,"NG2 3NG","NG2 3NG","L","1A","D",NA,"E05001828",NA,2012-03-19,1,"CO","203",NA
"80",100032131217,16462596,"I",2,2001-04-02,"RD",NA,452609,341177,52.9654036,-1.2181701,1,3060,"E",2007-11-26,2015-08-23,2001-04-02,NA,NA,NA,NA,NA,"GLENBROOK SCHOOL HOUSE",NA,NA,NA,NA,NA,NA,NA,NA,NA,NA,NA,"GLENBROOK SCHOOL HOUSE",NA,29007668,1,NA,NA,"Y","osgb1000002308166801",15,"osgb4000000015554804",12,"osgb1000022672233",4,300689037,NA,"WIGMAN ROAD",NA,NA,"WIGMAN ROAD",NA,NA,NA,NA,NA,NA,NA,"NOTTINGHAM","NOTTINGHAM CITY","NOTTINGHAM",NA,"NG8 4PB","NG8 4PB","S","1A","D",NA,"E05001827",NA,2012-03-19,0,NA,NA,NA
"81",10034852421,27531674,"I",2,2006-04-26,"CE03",200001397894,452746,341277,52.966289,-1.2161143,1,3060,"E",2007-11-26,2015-08-23,2006-04-26,"GLENBROOK PRIMARY SCHOOL",NA,NA,NA,NA,NA,NA,NA,NA,NA,NA,"BUILDING 50",NA,NA,NA,NA,NA,"GLENBROOK PRIMARY AND NURSERY SCHOOL",NA,29007668,1,NA,NA,"Y","osgb1000002308955989",12,"osgb4000000015554804",12,"osgb1000022672260",5,NA,NA,"WIGMAN ROAD",NA,NA,"WIGMAN ROAD",NA,NA,NA,NA,NA,NA,NA,"NOTTINGHAM","NOTTINGHAM CITY","NOTTINGHAM",NA,"NG8 4PB","NG8 4PB","S","1G","D",NA,"E05001827",NA,2012-03-19,0,NA,NA,NA
"82",10034861429,51752325,"I",2,2007-01-12,"CE02",200001397894,452652,341314,52.9666308,-1.2175078,1,3060,"E",2007-11-26,2015-08-23,2007-01-12,"BILBOROUGH CHILDRENS CENTRE","SURESTART",NA,NA,NA,NA,NA,NA,NA,NA,NA,"BILBOROUGH CHILDRENS CENTRE",NA,NA,NA,NA,NA,"GLENBROOK PRIMARY AND NURSERY SCHOOL",NA,29007668,1,NA,NA,"Y","osgb1000002309126854",7,"osgb4000000015554804",12,"osgb1000022672260",5,NA,5071215000,"WIGMAN ROAD",NA,NA,"WIGMAN ROAD",NA,NA,NA,NA,NA,NA,NA,"NOTTINGHAM","NOTTINGHAM CITY","NOTTINGHAM",NA,"NG8 4PB","NG8 4PB","S","1H","D",NA,"E05001827",NA,2012-03-19,0,"EN1","085",NA
"83",200001397888,16462597,"I",2,2002-03-15,"CL06LS",NA,452552,341399,52.9674046,-1.2189828,1,3060,"E",2007-11-26,2016-02-10,2002-03-15,"HARVEY HADDON SPORTS CENTRE",NA,NA,NA,NA,NA,NA,NA,NA,NA,NA,NA,NA,NA,NA,NA,NA,"HARVEY HADDEN SPORTS VILLAGE",NA,29007668,1,NA,NA,"Y","osgb1000002308166773",16,"osgb5000005165502460",1,"osgb5000005165502258",1,NA,5506899000,"WIGMAN ROAD",NA,NA,"WIGMAN ROAD",NA,NA,NA,NA,NA,NA,NA,"NOTTINGHAM","NOTTINGHAM CITY","NOTTINGHAM",NA,"NG8 4PB","NG8 4PB","S","1B","D",NA,"E05001827",NA,2012-03-19,4,"LC2","257",NA
"84",100031608646,16462598,"I",2,2002-03-15,"RD",NA,452562,341212,52.9657228,-1.2188642,1,3060,"E",2007-11-26,2016-02-10,2002-03-15,NA,NA,NA,NA,NA,"RICHMOND HOUSE",NA,NA,NA,NA,NA,NA,NA,NA,NA,NA,NA,"RICHMOND HOUSE",NA,29007668,1,NA,NA,"Y","osgb1000002308166774",12,"osgb5000005165502455",1,"osgb1000022672231",5,118362037,NA,"WIGMAN ROAD",NA,NA,"WIGMAN ROAD",NA,NA,NA,NA,NA,NA,NA,"NOTTINGHAM","NOTTINGHAM CITY","NOTTINGHAM",NA,"NG8 4PB","NG8 4PB","S","1D","D",NA,"E05001827",NA,2012-03-19,0,NA,NA,NA
"85",200001373141,16452769,"I",2,2002-03-15,"RD",NA,451965,339697,52.9521633,-1.2279935,1,3060,"E",2007-11-26,2015-08-23,2002-03-15,NA,NA,NA,NA,NA,NA,42,NA,NA,NA,NA,NA,NA,42,NA,NA,NA,NA,NA,29020017,1,NA,NA,"N","osgb1000002308125017",10,"osgb4000000015992244",1,"osgb1000022601694",2,4626037,NA,"ARLESTON DRIVE",NA,NA,"ARLESTON DRIVE",NA,NA,NA,NA,NA,NA,NA,"NOTTINGHAM","NOTTINGHAM CITY","NOTTINGHAM",NA,"NG8 2FZ","NG8 2FZ","S","1D","D",NA,"E05001841",NA,2012-03-19,0,NA,NA,NA
"86",200001373139,16452768,"I",2,2002-03-15,"RD",NA,451971,339703,52.9522166,-1.2279033,1,3060,"E",2007-11-26,2015-08-23,2002-03-15,NA,NA,NA,NA,NA,NA,40,NA,NA,NA,NA,NA,NA,40,NA,NA,NA,NA,NA,29020017,1,NA,NA,"N","osgb1000002308125016",11,"osgb4000000015992244",1,"osgb1000022601693",2,4625037,NA,"ARLESTON DRIVE",NA,NA,"ARLESTON DRIVE",NA,NA,NA,NA,NA,NA,NA,"NOTTINGHAM","NOTTINGHAM CITY","NOTTINGHAM",NA,"NG8 2FZ","NG8 2FZ","S","1B","D",NA,"E05001841",NA,2012-03-19,0,NA,NA,NA
"87",200001373137,16452767,"I",2,2002-03-15,"RD",NA,451978,339709,52.9522699,-1.2277981,1,3060,"E",2007-11-26,2015-08-23,2002-03-15,NA,NA,NA,NA,NA,NA,38,NA,NA,NA,NA,NA,NA,38,NA,NA,NA,NA,NA,29020017,1,NA,NA,"N","osgb1000002308125020",10,"osgb4000000015992244",1,"osgb1000022601710",2,4624037,NA,"ARLESTON DRIVE",NA,NA,"ARLESTON DRIVE",NA,NA,NA,NA,NA,NA,NA,"NOTTINGHAM","NOTTINGHAM CITY","NOTTINGHAM",NA,"NG8 2FZ","NG8 2FZ","S","1A","D",NA,"E05001841",NA,2012-03-19,0,NA,NA,NA
"88",200001373159,16452783,"I",2,2002-03-15,"RD",NA,451946,339600,52.9512932,-1.2282918,1,3060,"E",2007-11-26,2015-08-23,2002-03-15,NA,NA,NA,NA,NA,NA,71,NA,NA,NA,NA,NA,NA,71,NA,NA,NA,NA,NA,29020017,1,NA,NA,"N","osgb1000002308125035",9,"osgb4000000015992244",1,"osgb1000022601673",2,4640037,NA,"ARLESTON DRIVE",NA,NA,"ARLESTON DRIVE",NA,NA,NA,NA,NA,NA,NA,"NOTTINGHAM","NOTTINGHAM CITY","NOTTINGHAM",NA,"NG8 2FZ","NG8 2FZ","S","1U","D",NA,"E05001841",NA,2012-03-19,0,NA,NA,NA
"89",200001373158,16452782,"I",2,2002-03-15,"RD",NA,451954,339607,52.9513554,-1.2281716,1,3060,"E",2007-11-26,2015-08-23,2002-03-15,NA,NA,NA,NA,NA,NA,69,NA,NA,NA,NA,NA,NA,69,NA,NA,NA,NA,NA,29020017,1,NA,NA,"N","osgb1000002308125036",9,"osgb4000000015992244",1,"osgb1000022601676",2,4639037,NA,"ARLESTON DRIVE",NA,NA,"ARLESTON DRIVE",NA,NA,NA,NA,NA,NA,NA,"NOTTINGHAM","NOTTINGHAM CITY","NOTTINGHAM",NA,"NG8 2FZ","NG8 2FZ","S","1T","D",NA,"E05001841",NA,2012-03-19,0,NA,NA,NA
"90",200001373157,16452781,"I",2,2002-03-15,"RD",NA,451959,339612,52.9513998,-1.2280964,1,3060,"E",2007-11-26,2015-08-23,2002-03-15,NA,NA,NA,NA,NA,NA,67,NA,NA,NA,NA,NA,NA,67,NA,NA,NA,NA,NA,29020017,1,NA,NA,"N","osgb1000002308125037",9,"osgb4000000015992244",1,"osgb1000022601677",2,4638037,NA,"ARLESTON DRIVE",NA,NA,"ARLESTON DRIVE",NA,NA,NA,NA,NA,NA,NA,"NOTTINGHAM","NOTTINGHAM CITY","NOTTINGHAM",NA,"NG8 2FZ","NG8 2FZ","S","1S","D",NA,"E05001841",NA,2012-03-19,0,NA,NA,NA
"91",200001373156,16452780,"I",2,2002-03-15,"RD",NA,451963,339622,52.9514893,-1.2280353,1,3060,"E",2007-11-26,2015-08-23,2002-03-15,NA,NA,NA,NA,NA,NA,65,NA,NA,NA,NA,NA,NA,65,NA,NA,NA,NA,NA,29020017,1,NA,NA,"N","osgb1000002308125038",10,"osgb4000000015992244",1,"osgb1000022601680",2,4637037,NA,"ARLESTON DRIVE",NA,NA,"ARLESTON DRIVE",NA,NA,NA,NA,NA,NA,NA,"NOTTINGHAM","NOTTINGHAM CITY","NOTTINGHAM",NA,"NG8 2FZ","NG8 2FZ","S","1R","D",NA,"E05001841",NA,2012-03-19,0,NA,NA,NA
"92",200001373155,16452779,"I",2,2002-03-15,"RD",NA,451966,339629,52.951552,-1.2279895,1,3060,"E",2007-11-26,2015-08-23,2002-03-15,NA,NA,NA,NA,NA,NA,63,NA,NA,NA,NA,NA,NA,63,NA,NA,NA,NA,NA,29020017,1,NA,NA,"N","osgb1000002308125039",10,"osgb4000000015992244",1,"osgb1000022601681",2,4636037,NA,"ARLESTON DRIVE",NA,NA,"ARLESTON DRIVE",NA,NA,NA,NA,NA,NA,NA,"NOTTINGHAM","NOTTINGHAM CITY","NOTTINGHAM",NA,"NG8 2FZ","NG8 2FZ","S","1Q","D",NA,"E05001841",NA,2012-03-19,0,NA,NA,NA
"93",200001373154,16452778,"I",2,2002-03-15,"RD",NA,451972,339642,52.9516682,-1.2278981,1,3060,"E",2007-11-26,2015-08-23,2002-03-15,NA,NA,NA,NA,NA,NA,61,NA,NA,NA,NA,NA,NA,61,NA,NA,NA,NA,NA,29020017,1,NA,NA,"N","osgb1000002308125030",11,"osgb4000000015992244",1,"osgb1000022601683",2,4635037,NA,"ARLESTON DRIVE",NA,NA,"ARLESTON DRIVE",NA,NA,NA,NA,NA,NA,NA,"NOTTINGHAM","NOTTINGHAM CITY","NOTTINGHAM",NA,"NG8 2FZ","NG8 2FZ","S","1P","D",NA,"E05001841",NA,2012-03-19,0,NA,NA,NA
"94",200001373153,16452777,"I",2,2002-03-15,"RD",NA,451976,339646,52.9517038,-1.227838,1,3060,"E",2007-11-26,2015-08-23,2002-03-15,NA,NA,NA,NA,NA,NA,59,NA,NA,NA,NA,NA,NA,59,NA,NA,NA,NA,NA,29020017,1,NA,NA,"N","osgb1000002308125014",11,"osgb4000000015992244",1,"osgb1000022601684",2,4634037,NA,"ARLESTON DRIVE",NA,NA,"ARLESTON DRIVE",NA,NA,NA,NA,NA,NA,NA,"NOTTINGHAM","NOTTINGHAM CITY","NOTTINGHAM",NA,"NG8 2FZ","NG8 2FZ","S","1N","D",NA,"E05001841",NA,2012-03-19,0,NA,NA,NA
"95",200001373152,16452776,"I",2,2002-03-15,"RD02",NA,451986,339658,52.9518107,-1.2276872,1,3060,"E",2007-11-26,2015-08-23,2002-03-15,NA,NA,NA,NA,NA,"57A",NA,NA,NA,NA,NA,NA,NA,57,"A",NA,NA,NA,NA,29020017,1,NA,NA,"Y","osgb1000002308125015",11,"osgb4000000015992244",1,"osgb1000022601686",2,4632037,NA,"ARLESTON DRIVE",NA,NA,"ARLESTON DRIVE",NA,NA,NA,NA,NA,NA,NA,"NOTTINGHAM","NOTTINGHAM CITY","NOTTINGHAM",NA,"NG8 2FZ","NG8 2FZ","S","1Z","D",NA,"E05001841",NA,2012-03-19,0,NA,NA,NA
"96",200001373151,16452775,"I",2,2002-03-15,"RD",NA,451993,339665,52.9518729,-1.2275819,1,3060,"E",2007-11-26,2015-08-23,2002-03-15,NA,NA,NA,NA,NA,NA,57,NA,NA,NA,NA,NA,NA,57,NA,NA,NA,NA,NA,29020017,1,NA,NA,"N","osgb1000002308125252",12,"osgb4000000015992244",1,"osgb1000022601689",3,4633037,NA,"ARLESTON DRIVE",NA,NA,"ARLESTON DRIVE",NA,NA,NA,NA,NA,NA,NA,"NOTTINGHAM","NOTTINGHAM CITY","NOTTINGHAM",NA,"NG8 2FZ","NG8 2FZ","S","1L","D",NA,"E05001841",NA,2012-03-19,0,NA,NA,NA
"97",200001373150,16452774,"I",2,2002-03-15,"RD",NA,451998,339675,52.9519623,-1.2275059,1,3060,"E",2007-11-26,2015-08-23,2002-03-15,NA,NA,NA,NA,NA,NA,55,NA,NA,NA,NA,NA,NA,55,NA,NA,NA,NA,NA,29020017,1,NA,NA,"N","osgb1000002308125254",11,"osgb4000000015992244",1,"osgb1000022601691",5,4631037,NA,"ARLESTON DRIVE",NA,NA,"ARLESTON DRIVE",NA,NA,NA,NA,NA,NA,NA,"NOTTINGHAM","NOTTINGHAM CITY","NOTTINGHAM",NA,"NG8 2FZ","NG8 2FZ","S","1J","D",NA,"E05001841",NA,2012-03-19,0,NA,NA,NA
"98",200001373149,16452773,"I",2,2002-03-15,"RD",NA,452004,339680,52.9520067,-1.2274158,1,3060,"E",2007-11-26,2015-08-23,2002-03-15,NA,NA,NA,NA,NA,NA,53,NA,NA,NA,NA,NA,NA,53,NA,NA,NA,NA,NA,29020017,1,NA,NA,"N","osgb1000002308125253",11,"osgb4000000015992244",1,"osgb1000022668510",5,4630037,NA,"ARLESTON DRIVE",NA,NA,"ARLESTON DRIVE",NA,NA,NA,NA,NA,NA,NA,"NOTTINGHAM","NOTTINGHAM CITY","NOTTINGHAM",NA,"NG8 2FZ","NG8 2FZ","S","1H","D",NA,"E05001841",NA,2012-03-19,0,NA,NA,NA
"99",200001373145,16452771,"I",2,2002-03-15,"RD",NA,451955,339680,52.9520114,-1.2281451,1,3060,"E",2007-11-26,2015-08-23,2002-03-15,NA,NA,NA,NA,NA,NA,46,NA,NA,NA,NA,NA,NA,46,NA,NA,NA,NA,NA,29020017,1,NA,NA,"N","osgb1000002308125019",11,"osgb4000000015992244",1,"osgb1000022601696",2,4628037,NA,"ARLESTON DRIVE",NA,NA,"ARLESTON DRIVE",NA,NA,NA,NA,NA,NA,NA,"NOTTINGHAM","NOTTINGHAM CITY","NOTTINGHAM",NA,"NG8 2FZ","NG8 2FZ","S","1F","D",NA,"E05001841",NA,2012-03-19,0,NA,NA,NA
"100",200001373143,16452770,"I",2,2002-03-15,"RD",NA,451960,339688,52.9520829,-1.2280694,1,3060,"E",2007-11-26,2015-08-23,2002-03-15,NA,NA,NA,NA,NA,NA,44,NA,NA,NA,NA,NA,NA,44,NA,NA,NA,NA,NA,29020017,1,NA,NA,"N","osgb1000002308125018",11,"osgb4000000015992244",1,"osgb1000022601695",2,4627037,NA,"ARLESTON DRIVE",NA,NA,"ARLESTON DRIVE",NA,NA,NA,NA,NA,NA,NA,"NOTTINGHAM","NOTTINGHAM CITY","NOTTINGHAM",NA,"NG8 2FZ","NG8 2FZ","S","1E","D",NA,"E05001841",NA,2012-03-19,0,NA,NA,NA
"101",200001373148,16452772,"I",2,2002-03-15,"RD",NA,452010,339689,52.952087,-1.2273251,1,3060,"E",2007-11-26,2015-08-23,2002-03-15,NA,NA,NA,NA,NA,NA,51,NA,NA,NA,NA,NA,NA,51,NA,NA,NA,NA,NA,29020017,1,NA,NA,"N","osgb1000002308164628",11,"osgb4000000015992244",1,"osgb1000022668511",2,4629037,NA,"ARLESTON DRIVE",NA,NA,"ARLESTON DRIVE",NA,NA,NA,NA,NA,NA,NA,"NOTTINGHAM","NOTTINGHAM CITY","NOTTINGHAM",NA,"NG8 2FZ","NG8 2FZ","S","1G","D",NA,"E05001841",NA,2012-03-19,0,NA,NA,NA
"102",200001373176,16452765,"I",2,2002-03-15,"CE03JS",NA,451879,339691,52.9521176,-1.2292744,1,3060,"E",2007-11-26,2015-08-23,2002-03-15,"FERNWOOD JUNIOR SCHOOL",NA,NA,NA,NA,NA,NA,NA,NA,NA,NA,NA,NA,NA,NA,NA,NA,"FERNWOOD JUNIOR SCHOOL",NA,29020017,1,NA,NA,"Y","osgb1000002309159288",6,"osgb4000000015992244",1,"osgb1000022601697",4,NA,8906323000,"ARLESTON DRIVE",NA,NA,"ARLESTON DRIVE",NA,NA,NA,NA,NA,NA,NA,"NOTTINGHAM","NOTTINGHAM CITY","NOTTINGHAM",NA,"NG8 2FZ","NG8 2FZ","S","2F","D",NA,"E05001841",NA,2012-03-19,4,"EL","159",NA
"103",10023986753,51949824,"I",2,2010-10-11,"CE02",NA,451889,339596,52.9512628,-1.2291407,2,3060,"E",2010-05-14,2015-08-23,2010-05-07,"WOLLATON CHILDRENS CENTRE",NA,NA,NA,NA,NA,NA,NA,NA,NA,NA,NA,NA,NA,NA,NA,NA,"WOLLATON CHILDRENS CENTRE",NA,29020017,1,NA,NA,"Y","osgb1000002309138662",9,"osgb4000000015992244",1,"osgb5000005107964937",1,NA,7475836000,"ARLESTON DRIVE",NA,NA,"ARLESTON DRIVE",NA,NA,NA,NA,NA,NA,NA,"NOTTINGHAM","NOTTINGHAM CITY","NOTTINGHAM",NA,"NG8 2FZ","NG8 2FZ","S","2E","D",NA,"E05001841",NA,2012-03-19,0,"EN1","085",NA
"104",200001373162,16452786,"I",2,2002-03-15,"RD",NA,451926,339580,52.9511154,-1.2285926,1,3060,"E",2007-11-26,2015-08-23,2002-03-15,NA,NA,NA,NA,NA,NA,77,NA,NA,NA,NA,NA,NA,77,NA,NA,NA,NA,NA,29020017,1,NA,NA,"N","osgb1000002308125032",9,"osgb4000000015992244",1,"osgb1000022601667",2,4643037,NA,"ARLESTON DRIVE",NA,NA,"ARLESTON DRIVE",NA,NA,NA,NA,NA,NA,NA,"NOTTINGHAM","NOTTINGHAM CITY","NOTTINGHAM",NA,"NG8 2FZ","NG8 2FZ","S","1Y","D",NA,"E05001841",NA,2012-03-19,0,NA,NA,NA
"105",200001373161,16452785,"I",2,2002-03-15,"RD",NA,451930,339585,52.9511599,-1.2285323,1,3060,"E",2007-11-26,2015-08-23,2002-03-15,NA,NA,NA,NA,NA,NA,75,NA,NA,NA,NA,NA,NA,75,NA,NA,NA,NA,NA,29020017,1,NA,NA,"N","osgb1000002308125033",8,"osgb4000000015992244",1,"osgb1000022601668",2,4642037,NA,"ARLESTON DRIVE",NA,NA,"ARLESTON DRIVE",NA,NA,NA,NA,NA,NA,NA,"NOTTINGHAM","NOTTINGHAM CITY","NOTTINGHAM",NA,"NG8 2FZ","NG8 2FZ","S","1X","D",NA,"E05001841",NA,2012-03-19,0,NA,NA,NA
"106",200001373160,16452784,"I",2,2002-03-15,"RD",NA,451940,339594,52.9512399,-1.228382,1,3060,"E",2007-11-26,2015-08-23,2002-03-15,NA,NA,NA,NA,NA,NA,73,NA,NA,NA,NA,NA,NA,73,NA,NA,NA,NA,NA,29020017,1,NA,NA,"N","osgb1000002308125034",9,"osgb4000000015992244",1,"osgb1000022601672",2,4641037,NA,"ARLESTON DRIVE",NA,NA,"ARLESTON DRIVE",NA,NA,NA,NA,NA,NA,NA,"NOTTINGHAM","NOTTINGHAM CITY","NOTTINGHAM",NA,"NG8 2FZ","NG8 2FZ","S","1W","D",NA,"E05001841",NA,2012-03-19,0,NA,NA,NA
"107",200001373175,16452766,"I",2,2002-03-15,"CE03IS",NA,451838,339576,52.9510879,-1.2299029,1,3060,"E",2007-11-26,2015-08-23,2002-03-15,"FERNWOOD INFANT SCHOOL",NA,NA,NA,NA,NA,NA,NA,NA,NA,NA,NA,NA,NA,NA,NA,NA,"FERNWOOD INFANT SCHOOL",NA,29020017,1,NA,NA,"Y","osgb1000002308899350",12,"osgb4000000015553154",9,"osgb1000000096983597",3,NA,8906321000,"ARLESTON DRIVE",NA,NA,"ARLESTON DRIVE",NA,NA,NA,NA,NA,NA,NA,"NOTTINGHAM","NOTTINGHAM CITY","NOTTINGHAM",NA,"NG8 2FZ","NG8 2FZ","S","2D","D",NA,"E05001841",NA,2012-03-19,2,"EL","159",NA
"108",100031573506,16467353,"I",2,2002-03-15,"RD",NA,453489,342451,52.9767677,-1.2048594,1,3060,"E",2007-11-26,2015-08-23,2002-03-15,NA,NA,NA,NA,NA,NA,114,NA,NA,NA,NA,NA,NA,114,NA,NA,NA,NA,NA,29007456,1,NA,NA,"Y","osgb1000002308218713",9,"osgb4000000015559190",8,"osgb1000022754573",3,77654037,NA,"MINVER CRESCENT",NA,NA,"MINVER CRESCENT",NA,NA,NA,NA,NA,NA,NA,"NOTTINGHAM","NOTTINGHAM CITY","NOTTINGHAM",NA,"NG8 5PN","NG8 5PN","S","1G","D",NA,"E05001823",NA,2012-03-19,0,NA,NA,NA
"109",100031573508,16467354,"I",2,2002-03-15,"RD",NA,453494,342463,52.9768751,-1.2047829,1,3060,"E",2007-11-26,2015-08-23,2002-03-15,NA,NA,NA,NA,NA,NA,116,NA,NA,NA,NA,NA,NA,116,NA,NA,NA,NA,NA,29007456,1,NA,NA,"Y","osgb1000002308218712",9,"osgb4000000015559190",8,"osgb1000022754570",3,77655037,NA,"MINVER CRESCENT",NA,NA,"MINVER CRESCENT",NA,NA,NA,NA,NA,NA,NA,"NOTTINGHAM","NOTTINGHAM CITY","NOTTINGHAM",NA,"NG8 5PN","NG8 5PN","S","1H","D",NA,"E05001823",NA,2012-03-19,0,NA,NA,NA
"110",100031573510,16467355,"I",2,2002-03-15,"RD03",NA,453498,342468,52.9769196,-1.2047225,1,3060,"E",2007-11-26,2015-08-23,2002-03-15,NA,NA,NA,NA,NA,NA,118,NA,NA,NA,NA,NA,NA,118,NA,NA,NA,NA,NA,29007456,1,NA,NA,"Y","osgb1000002308217761",10,"osgb4000000015559190",8,"osgb1000022754569",8,77656037,NA,"MINVER CRESCENT",NA,NA,"MINVER CRESCENT",NA,NA,NA,NA,NA,NA,NA,"NOTTINGHAM","NOTTINGHAM CITY","NOTTINGHAM",NA,"NG8 5PN","NG8 5PN","S","1J","D",NA,"E05001823",NA,2012-03-19,0,NA,NA,NA
"111",100031573512,16467356,"I",2,2002-03-15,"RD",NA,453504,342478,52.9770089,-1.2046315,1,3060,"E",2007-11-26,2015-08-23,2002-03-15,NA,NA,NA,NA,NA,NA,120,NA,NA,NA,NA,NA,NA,120,NA,NA,NA,NA,NA,29007456,1,NA,NA,"Y","osgb1000002308217760",10,"osgb4000000015559190",8,"osgb1000022753593",7,77657037,NA,"MINVER CRESCENT",NA,NA,"MINVER CRESCENT",NA,NA,NA,NA,NA,NA,NA,"NOTTINGHAM","NOTTINGHAM CITY","NOTTINGHAM",NA,"NG8 5PN","NG8 5PN","S","1L","D",NA,"E05001823",NA,2012-03-19,0,NA,NA,NA
"112",100031573514,16467357,"I",2,2002-03-15,"RD",NA,453508,342483,52.9770534,-1.2045712,1,3060,"E",2007-11-26,2015-08-23,2002-03-15,NA,NA,NA,NA,NA,NA,122,NA,NA,NA,NA,NA,NA,122,NA,NA,NA,NA,NA,29007456,1,NA,NA,"Y","osgb1000002308217759",10,"osgb4000000015559190",8,"osgb1000022753592",4,77658037,NA,"MINVER CRESCENT",NA,NA,"MINVER CRESCENT",NA,NA,NA,NA,NA,NA,NA,"NOTTINGHAM","NOTTINGHAM CITY","NOTTINGHAM",NA,"NG8 5PN","NG8 5PN","S","1N","D",NA,"E05001823",NA,2012-03-19,0,NA,NA,NA
"113",100031573516,16467358,"I",2,2002-03-15,"RD",NA,453511,342487,52.9770891,-1.2045258,1,3060,"E",2007-11-26,2015-08-23,2002-03-15,NA,NA,NA,NA,NA,NA,124,NA,NA,NA,NA,NA,NA,124,NA,NA,NA,NA,NA,29007456,1,NA,NA,"Y","osgb1000002308217758",10,"osgb4000000015559190",8,"osgb1000022753591",4,77659037,NA,"MINVER CRESCENT",NA,NA,"MINVER CRESCENT",NA,NA,NA,NA,NA,NA,NA,"NOTTINGHAM","NOTTINGHAM CITY","NOTTINGHAM",NA,"NG8 5PN","NG8 5PN","S","1P","D",NA,"E05001823",NA,2012-03-19,0,NA,NA,NA
"114",100031573518,16467359,"I",2,2002-03-15,"RD",NA,453514,342491,52.9771247,-1.2044805,1,3060,"E",2007-11-26,2015-08-23,2002-03-15,NA,NA,NA,NA,NA,NA,126,NA,NA,NA,NA,NA,NA,126,NA,NA,NA,NA,NA,29007456,1,NA,NA,"Y","osgb1000002308217757",10,"osgb4000000015559190",8,"osgb1000022753590",4,77660037,NA,"MINVER CRESCENT",NA,NA,"MINVER CRESCENT",NA,NA,NA,NA,NA,NA,NA,"NOTTINGHAM","NOTTINGHAM CITY","NOTTINGHAM",NA,"NG8 5PN","NG8 5PN","S","1Q","D",NA,"E05001823",NA,2012-03-19,0,NA,NA,NA
"115",100031573520,16467360,"I",2,2002-03-15,"RD",NA,453523,342501,52.9772137,-1.2043448,1,3060,"E",2007-11-26,2015-08-23,2002-03-15,NA,NA,NA,NA,NA,NA,128,NA,NA,NA,NA,NA,NA,128,NA,NA,NA,NA,NA,29007456,1,NA,NA,"Y","osgb1000002308216557",10,"osgb4000000015559190",8,"osgb1000022752365",7,77661037,NA,"MINVER CRESCENT",NA,NA,"MINVER CRESCENT",NA,NA,NA,NA,NA,NA,NA,"NOTTINGHAM","NOTTINGHAM CITY","NOTTINGHAM",NA,"NG8 5PN","NG8 5PN","S","1R","D",NA,"E05001823",NA,2012-03-19,0,NA,NA,NA
"116",100031573522,16467361,"I",2,2002-03-15,"RD",NA,453526.3,342505.11,52.9772503,-1.204295,1,3060,"E",2007-11-26,2015-08-23,2002-03-15,NA,NA,NA,NA,NA,NA,130,NA,NA,NA,NA,NA,NA,130,NA,NA,NA,NA,NA,29007456,1,NA,NA,"Y","osgb1000002308216556",9,"osgb4000000015559190",8,"osgb1000022752364",3,77662037,NA,"MINVER CRESCENT",NA,NA,"MINVER CRESCENT",NA,NA,NA,NA,NA,NA,NA,"NOTTINGHAM","NOTTINGHAM CITY","NOTTINGHAM",NA,"NG8 5PN","NG8 5PN","S","1S","D",NA,"E05001823",NA,2012-03-19,0,NA,NA,NA
"117",100031573524,16467362,"I",2,2002-03-15,"RD",NA,453536,342507,52.9772664,-1.2041502,1,3060,"E",2007-11-26,2015-08-23,2002-03-15,NA,NA,NA,NA,NA,NA,132,NA,NA,NA,NA,NA,NA,132,NA,NA,NA,NA,NA,29007456,1,NA,NA,"Y","osgb1000002308216555",8,"osgb4000000015559190",8,"osgb1000022752362",3,77663037,NA,"MINVER CRESCENT",NA,NA,"MINVER CRESCENT",NA,NA,NA,NA,NA,NA,NA,"NOTTINGHAM","NOTTINGHAM CITY","NOTTINGHAM",NA,"NG8 5PN","NG8 5PN","S","1T","D",NA,"E05001823",NA,2012-03-19,0,NA,NA,NA
"118",100031573502,16467351,"I",2,2002-03-15,"RD",NA,453483,342433,52.9766065,-1.2049517,1,3060,"E",2007-11-26,2015-08-23,2002-03-15,NA,NA,NA,NA,NA,NA,110,NA,NA,NA,NA,NA,NA,110,NA,NA,NA,NA,NA,29007456,1,NA,NA,"Y","osgb1000002308218710",9,"osgb4000000015559190",8,"osgb1000022754577",3,77652037,NA,"MINVER CRESCENT",NA,NA,"MINVER CRESCENT",NA,NA,NA,NA,NA,NA,NA,"NOTTINGHAM","NOTTINGHAM CITY","NOTTINGHAM",NA,"NG8 5PN","NG8 5PN","S","1E","D",NA,"E05001823",NA,2012-03-19,0,NA,NA,NA
"119",100031573504,16467352,"I",2,2002-03-15,"RD",NA,453486,342445,52.9767141,-1.204905,1,3060,"E",2007-11-26,2015-08-23,2002-03-15,NA,NA,NA,NA,NA,NA,112,NA,NA,NA,NA,NA,NA,112,NA,NA,NA,NA,NA,29007456,1,NA,NA,"Y","osgb1000002308218711",9,"osgb4000000015559190",8,"osgb1000022754574",3,77653037,NA,"MINVER CRESCENT",NA,NA,"MINVER CRESCENT",NA,NA,NA,NA,NA,NA,NA,"NOTTINGHAM","NOTTINGHAM CITY","NOTTINGHAM",NA,"NG8 5PN","NG8 5PN","S","1F","D",NA,"E05001823",NA,2012-03-19,0,NA,NA,NA
"120",10009153275,16467346,"I",2,2004-11-22,"CC04",NA,453546,342363,52.9759711,-1.2040251,1,3060,"E",2007-11-26,2015-08-23,2004-11-22,NA,NA,NA,NA,NA,"ASPLEY COMMUNITY & TRAINING CENTRE",NA,NA,NA,NA,NA,NA,NA,NA,NA,NA,NA,"ASPLEY COMMUNITY AND TRAINING CENTRE",NA,29007456,1,NA,NA,"Y","osgb5000005107334026",4,"osgb4000000015989888",1,"osgb1000002488314874",5,NA,2370078000,"MINVER CRESCENT",NA,NA,"MINVER CRESCENT",NA,NA,NA,NA,NA,NA,NA,"NOTTINGHAM","NOTTINGHAM CITY","NOTTINGHAM",NA,"NG8 5PN","NG8 5PN","S","2S","D",NA,"E05001823",NA,2013-01-28,0,"LC","067",NA
"121",200001388082,28708526,"I",2,2002-03-15,"CE03PS",NA,453620,342400,52.9762962,-1.202917,1,3060,"E",2007-11-26,2015-08-23,2002-03-15,"AMBLESIDE PRIMARY SCHOOL",NA,NA,NA,NA,NA,NA,NA,NA,NA,NA,NA,NA,NA,NA,NA,NA,"AMBLESIDE PRIMARY SCHOOL",NA,29007456,1,NA,NA,"Y","osgb1000002308917382",18,"osgb4000000015989888",1,"osgb1000002652048608",5,NA,8988299000,"MINVER CRESCENT",NA,NA,"MINVER CRESCENT",NA,NA,NA,NA,NA,NA,NA,"NOTTINGHAM","NOTTINGHAM CITY","NOTTINGHAM",NA,"NG8 5PN","NG8 5PN","S","2R","D",NA,"E05001823",NA,2012-03-19,0,"EL","159",NA
"122",100031573526,16467363,"I",2,2002-03-15,"RD",NA,453541,342511,52.9773018,-1.2040751,1,3060,"E",2007-11-26,2015-11-20,2002-03-15,NA,NA,NA,NA,NA,NA,134,NA,NA,NA,NA,NA,NA,134,NA,NA,NA,NA,NA,29007456,1,NA,NA,"Y","osgb1000002308216554",43,"osgb4000000015559190",8,"osgb1000022752361",3,77664037,NA,"MINVER CRESCENT",NA,NA,"MINVER CRESCENT",NA,NA,NA,NA,NA,NA,NA,"NOTTINGHAM","NOTTINGHAM CITY","NOTTINGHAM",NA,"NG8 5PN","NG8 5PN","S","1U","D",NA,"E05001823",NA,2012-03-19,0,NA,NA,NA
"123",100031573528,16467364,"I",2,2002-03-15,"RD",NA,453546,342515,52.9773373,-1.204,1,3060,"E",2007-11-26,2015-08-23,2002-03-15,NA,NA,NA,NA,NA,NA,136,NA,NA,NA,NA,NA,NA,136,NA,NA,NA,NA,NA,29007456,1,NA,NA,"Y","osgb1000002308216553",9,"osgb4000000015559193",9,"osgb1000022752360",3,77665037,NA,"MINVER CRESCENT",NA,NA,"MINVER CRESCENT",NA,NA,NA,NA,NA,NA,NA,"NOTTINGHAM","NOTTINGHAM CITY","NOTTINGHAM",NA,"NG8 5PN","NG8 5PN","S","1W","D",NA,"E05001823",NA,2012-03-19,0,NA,NA,NA
"124",100031573530,16467365,"I",2,2002-03-15,"RD",NA,453555,342523,52.9774083,-1.2038646,1,3060,"E",2007-11-26,2015-08-23,2002-03-15,NA,NA,NA,NA,NA,NA,138,NA,NA,NA,NA,NA,NA,138,NA,NA,NA,NA,NA,29007456,1,NA,NA,"Y","osgb1000002308216552",9,"osgb4000000015559193",9,"osgb1000022752357",3,77666037,NA,"MINVER CRESCENT",NA,NA,"MINVER CRESCENT",NA,NA,NA,NA,NA,NA,NA,"NOTTINGHAM","NOTTINGHAM CITY","NOTTINGHAM",NA,"NG8 5PN","NG8 5PN","S","1X","D",NA,"E05001823",NA,2012-03-19,0,NA,NA,NA
"125",100031573532,16467366,"I",2,2002-03-15,"RD",NA,453560,342526,52.9774347,-1.2037897,1,3060,"E",2007-11-26,2015-08-23,2002-03-15,NA,NA,NA,NA,NA,NA,140,NA,NA,NA,NA,NA,NA,140,NA,NA,NA,NA,NA,29007456,1,NA,NA,"Y","osgb1000002308216551",8,"osgb4000000015559193",9,"osgb1000022752356",3,77667037,NA,"MINVER CRESCENT",NA,NA,"MINVER CRESCENT",NA,NA,NA,NA,NA,NA,NA,"NOTTINGHAM","NOTTINGHAM CITY","NOTTINGHAM",NA,"NG8 5PN","NG8 5PN","S","1Y","D",NA,"E05001823",NA,2012-03-19,0,NA,NA,NA
"126",100031573534,16467367,"I",2,2002-03-15,"RD",NA,453571,342530,52.9774696,-1.2036252,1,3060,"E",2007-11-26,2015-08-23,2002-03-15,NA,NA,NA,NA,NA,NA,142,NA,NA,NA,NA,NA,NA,142,NA,NA,NA,NA,NA,29007456,1,NA,NA,"Y","osgb1000002308216549",9,"osgb4000000015559193",9,"osgb1000022752353",3,77668037,NA,"MINVER CRESCENT",NA,NA,"MINVER CRESCENT",NA,NA,NA,NA,NA,NA,NA,"NOTTINGHAM","NOTTINGHAM CITY","NOTTINGHAM",NA,"NG8 5PN","NG8 5PN","S","1Z","D",NA,"E05001823",NA,2012-03-19,0,NA,NA,NA
"127",100031573536,16467368,"I",2,2002-03-15,"RD",NA,453576,342532,52.9774871,-1.2035504,1,3060,"E",2007-11-26,2015-08-23,2002-03-15,NA,NA,NA,NA,NA,NA,144,NA,NA,NA,NA,NA,NA,144,NA,NA,NA,NA,NA,29007456,1,NA,NA,"Y","osgb1000002308216521",9,"osgb4000000015559193",9,"osgb1000022752352",3,77669037,NA,"MINVER CRESCENT",NA,NA,"MINVER CRESCENT",NA,NA,NA,NA,NA,NA,NA,"NOTTINGHAM","NOTTINGHAM CITY","NOTTINGHAM",NA,"NG8 5PN","NG8 5PN","S","2A","D",NA,"E05001823",NA,2012-03-19,0,NA,NA,NA
"128",100031573538,16467369,"I",2,2002-03-15,"RD",NA,453581,342533,52.9774956,-1.2034758,1,3060,"E",2007-11-26,2015-08-23,2002-03-15,NA,NA,NA,NA,NA,NA,146,NA,NA,NA,NA,NA,NA,146,NA,NA,NA,NA,NA,29007456,1,NA,NA,"Y","osgb1000002308216520",9,"osgb4000000015559193",9,"osgb1000022752351",3,77670037,NA,"MINVER CRESCENT",NA,NA,"MINVER CRESCENT",NA,NA,NA,NA,NA,NA,NA,"NOTTINGHAM","NOTTINGHAM CITY","NOTTINGHAM",NA,"NG8 5PN","NG8 5PN","S","2B","D",NA,"E05001823",NA,2012-03-19,0,NA,NA,NA
"129",100031573540,16467370,"I",2,2002-03-15,"RD",NA,453587,342536,52.9775219,-1.203386,1,3060,"E",2007-11-26,2015-08-23,2002-03-15,NA,NA,NA,NA,NA,NA,148,NA,NA,NA,NA,NA,NA,148,NA,NA,NA,NA,NA,29007456,1,NA,NA,"Y","osgb1000002308216651",9,"osgb4000000015559193",9,"osgb1000022752350",3,77671037,NA,"MINVER CRESCENT",NA,NA,"MINVER CRESCENT",NA,NA,NA,NA,NA,NA,NA,"NOTTINGHAM","NOTTINGHAM CITY","NOTTINGHAM",NA,"NG8 5PN","NG8 5PN","S","2D","D",NA,"E05001823",NA,2012-03-19,0,NA,NA,NA
"130",100031573542,16467371,"I",2,2002-03-15,"RD03",NA,453598.31,342537.81,52.9775371,-1.2032172,1,3060,"E",2007-11-26,2015-08-23,2002-03-15,NA,NA,NA,NA,NA,NA,150,NA,NA,NA,NA,NA,NA,150,NA,NA,NA,NA,NA,29007456,1,NA,NA,"Y","osgb1000002308216650",8,"osgb4000000015559193",9,"osgb1000022752349",3,77672037,NA,"MINVER CRESCENT",NA,NA,"MINVER CRESCENT",NA,NA,NA,NA,NA,NA,NA,"NOTTINGHAM","NOTTINGHAM CITY","NOTTINGHAM",NA,"NG8 5PN","NG8 5PN","S","2E","D",NA,"E05001823",NA,2012-03-19,0,NA,NA,NA
"131",100031573544,16467372,"I",2,2002-03-15,"RD03",NA,453603.78,342538.56,52.9775433,-1.2031356,1,3060,"E",2007-11-26,2015-08-23,2002-03-15,NA,NA,NA,NA,NA,NA,152,NA,NA,NA,NA,NA,NA,152,NA,NA,NA,NA,NA,29007456,1,NA,NA,"Y","osgb1000002308216649",9,"osgb4000000015559193",9,"osgb1000022752348",3,77673037,NA,"MINVER CRESCENT",NA,NA,"MINVER CRESCENT",NA,NA,NA,NA,NA,NA,NA,"NOTTINGHAM","NOTTINGHAM CITY","NOTTINGHAM",NA,"NG8 5PN","NG8 5PN","S","2F","D",NA,"E05001823",NA,2012-03-19,0,NA,NA,NA
"132",100031573496,16467348,"I",2,2002-03-15,"RD",NA,453480,342417,52.976463,-1.204999,1,3060,"E",2007-11-26,2015-08-23,2002-03-15,NA,NA,NA,NA,NA,NA,104,NA,NA,NA,NA,NA,NA,104,NA,NA,NA,NA,NA,29007456,1,NA,NA,"Y","osgb1000002308218783",9,"osgb4000000015559190",8,"osgb1000022754580",3,77649037,NA,"MINVER CRESCENT",NA,NA,"MINVER CRESCENT",NA,NA,NA,NA,NA,NA,NA,"NOTTINGHAM","NOTTINGHAM CITY","NOTTINGHAM",NA,"NG8 5PN","NG8 5PN","S","1A","D",NA,"E05001823",NA,2012-03-19,0,NA,NA,NA
"133",100031573498,16467349,"I",2,2002-03-15,"RD",NA,453481,342422,52.9765078,-1.2049833,1,3060,"E",2007-11-26,2015-08-23,2002-03-15,NA,NA,NA,NA,NA,NA,106,NA,NA,NA,NA,NA,NA,106,NA,NA,NA,NA,NA,29007456,1,NA,NA,"Y","osgb1000002308218782",9,"osgb4000000015559190",8,"osgb1000022754579",3,77650037,NA,"MINVER CRESCENT",NA,NA,"MINVER CRESCENT",NA,NA,NA,NA,NA,NA,NA,"NOTTINGHAM","NOTTINGHAM CITY","NOTTINGHAM",NA,"NG8 5PN","NG8 5PN","S","1B","D",NA,"E05001823",NA,2012-03-19,0,NA,NA,NA
"134",100031573500,16467350,"I",2,2002-03-15,"RD",NA,453482,342428,52.9765617,-1.2049674,1,3060,"E",2007-11-26,2015-08-23,2002-03-15,NA,NA,NA,NA,NA,NA,108,NA,NA,NA,NA,NA,NA,108,NA,NA,NA,NA,NA,29007456,1,NA,NA,"Y","osgb1000002308218781",9,"osgb4000000015559190",8,"osgb1000022754578",3,77651037,NA,"MINVER CRESCENT",NA,NA,"MINVER CRESCENT",NA,NA,NA,NA,NA,NA,NA,"NOTTINGHAM","NOTTINGHAM CITY","NOTTINGHAM",NA,"NG8 5PN","NG8 5PN","S","1D","D",NA,"E05001823",NA,2012-03-19,0,NA,NA,NA
